STEP 1/7: FROM debian:bookworm
STEP 2/7: RUN apt-get update && apt-get install -y     build-essential     perl     libmodule-build-perl     libdbi-perl     libdbd-sqlite3-perl     libdbd-pg-perl     libhtml-template-pro-perl     libhttp-server-simple-cgi-prefork-perl     libjson-perl     libwww-perl     liblog-dispatch-perl     libnet-snmp-perl     libnet-server-perl     libparallel-forkmanager-perl     libparams-validate-perl     libxml-dumper-perl     libxml-libxml-perl     libxml-parser-perl     libtest-most-perl     libtest-differences-perl     libtest-deep-perl     libtest-mockmodule-perl     libtest-mockobject-perl     libtest-exception-perl     libfile-slurp-perl     librrds-perl     libssl-dev     codespell     shellcheck     && rm -rf /var/lib/apt/lists/*
Get:1 http://deb.debian.org/debian bookworm InRelease [151 kB]
Get:2 http://deb.debian.org/debian bookworm-updates InRelease [55.4 kB]
Get:3 http://deb.debian.org/debian-security bookworm-security InRelease [34.8 kB]
Get:4 http://deb.debian.org/debian bookworm/main amd64 Packages [8790 kB]
Get:5 http://deb.debian.org/debian bookworm-updates/main amd64 Packages [6924 B]
Get:6 http://deb.debian.org/debian-security bookworm-security/main amd64 Packages [336 kB]
Fetched 9375 kB in 1s (7635 kB/s)
Reading package lists...
Reading package lists...
Building dependency tree...
Reading state information...
The following additional packages will be installed:
  binutils binutils-common binutils-x86-64-linux-gnu bzip2 ca-certificates cpp
  cpp-12 dirmngr dpkg-dev fakeroot fontconfig fontconfig-config
  fonts-dejavu-core g++ g++-12 gcc gcc-12 gnupg gnupg-l10n gnupg-utils gpg
  gpg-agent gpg-wks-client gpg-wks-server gpgconf gpgsm krb5-locales
  libabsl20220623 libalgorithm-c3-perl libalgorithm-diff-perl
  libalgorithm-diff-xs-perl libalgorithm-merge-perl libany-uri-escape-perl
  libaom3 libasan8 libassuan0 libatomic1 libauthen-sasl-perl libavif15
  libb-hooks-endofscope-perl libb-hooks-op-check-perl libbinutils libbrotli1
  libbsd0 libc-dev-bin libc-devtools libc6-dev libcairo2 libcapture-tiny-perl
  libcc1-0 libcgi-fast-perl libcgi-pm-perl libclass-c3-perl
  libclass-c3-xs-perl libclass-data-inheritable-perl
  libclass-method-modifiers-perl libclass-xsaccessor-perl libclone-perl
  libcommon-sense-perl libcpan-changes-perl libcrypt-dev libctf-nobfd0 libctf0
  libdata-dump-perl libdata-optlist-perl libdata-perl-perl
  libdata-section-perl libdatrie1 libdav1d6 libdbi1 libde265-0 libdeflate0
  libdevel-callchecker-perl libdevel-caller-perl
  libdevel-globaldestruction-perl libdevel-lexalias-perl
  libdevel-stacktrace-perl libdist-checkconflicts-perl libdpkg-perl
  libdynaloader-functions-perl libemail-date-format-perl libencode-locale-perl
  libeval-closure-perl libexception-class-perl libexpat1 libexporter-tiny-perl
  libfakeroot libfcgi-bin libfcgi-perl libfcgi0ldbl libfile-fcntllock-perl
  libfile-listing-perl libfont-afm-perl libfontconfig1 libfreetype6
  libfribidi0 libgav1-1 libgcc-12-dev libgd3 libgdbm-compat4 libgdbm6
  libgetopt-long-descriptive-perl libglib2.0-0 libglib2.0-data libgomp1
  libgpm2 libgprofng0 libgraphite2-3 libgssapi-krb5-2 libharfbuzz0b libheif1
  libhtml-form-perl libhtml-format-perl libhtml-parser-perl
  libhtml-tagset-perl libhtml-tree-perl libhttp-cookies-perl
  libhttp-daemon-perl libhttp-date-perl libhttp-message-perl
  libhttp-negotiate-perl libhttp-server-simple-perl libicu72 libidn12
  libimport-into-perl libio-html-perl libio-multiplex-perl
  libio-socket-inet6-perl libio-socket-ssl-perl libio-stringy-perl libisl23
  libitm1 libjansson4 libjbig0 libjpeg62-turbo libjson-xs-perl libk5crypto3
  libkeyutils1 libkrb5-3 libkrb5support0 libksba8 libldap-2.5-0 libldap-common
  liblerc4 liblist-moreutils-perl liblist-moreutils-xs-perl
  liblocale-gettext-perl liblsan0 liblwp-mediatypes-perl
  liblwp-protocol-https-perl libmail-sendmail-perl libmailtools-perl
  libmime-lite-perl libmime-types-perl libmodule-implementation-perl
  libmodule-runtime-perl libmodule-signature-perl libmoo-perl
  libmoox-handlesvia-perl libmpc3 libmpfr6 libmro-compat-perl
  libnamespace-autoclean-perl libnamespace-clean-perl libncursesw6
  libnet-cidr-perl libnet-http-perl libnet-libidn-perl libnet-smtp-ssl-perl
  libnet-ssleay-perl libnpth0 libnsl-dev libnsl2 libnuma1
  libpackage-stash-perl libpackage-stash-xs-perl libpadwalker-perl
  libpango-1.0-0 libpangocairo-1.0-0 libpangoft2-1.0-0 libparams-classify-perl
  libparams-util-perl libparams-validationcompiler-perl libpath-tiny-perl
  libperl5.36 libpixman-1-0 libpng16-16 libpod-markdown-perl
  libpod-readme-perl libpq5 libpython3-stdlib libpython3.11-minimal
  libpython3.11-stdlib libquadmath0 librav1e0 libreadline8 libreadonly-perl
  libref-util-perl libref-util-xs-perl libregexp-ipv6-perl librole-tiny-perl
  librrd8 libsasl2-2 libsasl2-modules libsasl2-modules-db libsocket6-perl
  libsoftware-license-perl libspecio-perl libsqlite3-0 libssl3
  libstdc++-12-dev libstrictures-perl libsub-exporter-perl
  libsub-exporter-progressive-perl libsub-identify-perl libsub-install-perl
  libsub-name-perl libsub-quote-perl libsub-uplevel-perl libsuper-perl
  libsvtav1enc1 libsys-hostname-long-perl libtest-warn-perl libtext-diff-perl
  libtext-template-perl libthai-data libthai0 libtiff6 libtimedate-perl
  libtirpc-common libtirpc-dev libtirpc3 libtry-tiny-perl libtsan2
  libtype-tiny-perl libtype-tiny-xs-perl libtypes-serialiser-perl libubsan1
  libunicode-utf8-perl libuniversal-can-perl libuniversal-isa-perl
  liburi-escape-xs-perl liburi-perl libvariable-magic-perl libwebp7
  libwww-robotrules-perl libx11-6 libx11-data libx265-199 libxau6
  libxcb-render0 libxcb-shm0 libxcb1 libxdmcp6 libxext6
  libxml-namespacesupport-perl libxml-sax-base-perl libxml-sax-expat-perl
  libxml-sax-perl libxml2 libxpm4 libxrender1 libxstring-perl libyuv0
  linux-libc-dev make manpages manpages-dev media-types netbase openssl patch
  perl-modules-5.36 perl-openssl-defaults pinentry-curses python3
  python3-chardet python3-minimal python3-pkg-resources python3.11
  python3.11-minimal readline-common rpcsvc-proto sensible-utils
  shared-mime-info ucf xdg-user-dirs xz-utils
Suggested packages:
  binutils-doc bzip2-doc cpp-doc gcc-12-locales cpp-12-doc dbus-user-session
  libpam-systemd pinentry-gnome3 tor debian-keyring g++-multilib
  g++-12-multilib gcc-12-doc gcc-multilib autoconf automake libtool flex bison
  gdb gcc-doc gcc-12-multilib parcimonie xloadimage scdaemon
  libdigest-hmac-perl libgssapi-perl glibc-doc libmldbm-perl
  libnet-daemon-perl libsql-statement-perl git bzr libgd-tools gdbm-l10n
  low-memory-monitor gpm krb5-doc krb5-user libcrypt-ssleay-perl default-mta
  | mail-transport-agent libmojolicious-perl liblog-log4perl-perl
  libcrypt-des-perl libscalar-number-perl libsasl2-modules-gssapi-mit
  | libsasl2-modules-gssapi-heimdal libsasl2-modules-ldap libsasl2-modules-otp
  libsasl2-modules-sql libtest-fatal-perl libssl-doc libstdc++-12-doc
  libbareword-filehandles-perl libindirect-perl libmultidimensional-perl
  libbusiness-isbn-perl libauthen-ntlm-perl libxml-sax-expatxs-perl make-doc
  man-browser ed diffutils-doc perl-doc libterm-readline-gnu-perl
  | libterm-readline-perl-perl libtap-harness-archive-perl debhelper
  pinentry-doc python3-doc python3-tk python3-venv python3-setuptools
  python3.11-venv python3.11-doc binfmt-support readline-doc
The following NEW packages will be installed:
  binutils binutils-common binutils-x86-64-linux-gnu build-essential bzip2
  ca-certificates codespell cpp cpp-12 dirmngr dpkg-dev fakeroot fontconfig
  fontconfig-config fonts-dejavu-core g++ g++-12 gcc gcc-12 gnupg gnupg-l10n
  gnupg-utils gpg gpg-agent gpg-wks-client gpg-wks-server gpgconf gpgsm
  krb5-locales libabsl20220623 libalgorithm-c3-perl libalgorithm-diff-perl
  libalgorithm-diff-xs-perl libalgorithm-merge-perl libany-uri-escape-perl
  libaom3 libasan8 libassuan0 libatomic1 libauthen-sasl-perl libavif15
  libb-hooks-endofscope-perl libb-hooks-op-check-perl libbinutils libbrotli1
  libbsd0 libc-dev-bin libc-devtools libc6-dev libcairo2 libcapture-tiny-perl
  libcc1-0 libcgi-fast-perl libcgi-pm-perl libclass-c3-perl
  libclass-c3-xs-perl libclass-data-inheritable-perl
  libclass-method-modifiers-perl libclass-xsaccessor-perl libclone-perl
  libcommon-sense-perl libcpan-changes-perl libcrypt-dev libctf-nobfd0 libctf0
  libdata-dump-perl libdata-optlist-perl libdata-perl-perl
  libdata-section-perl libdatrie1 libdav1d6 libdbd-pg-perl libdbd-sqlite3-perl
  libdbi-perl libdbi1 libde265-0 libdeflate0 libdevel-callchecker-perl
  libdevel-caller-perl libdevel-globaldestruction-perl libdevel-lexalias-perl
  libdevel-stacktrace-perl libdist-checkconflicts-perl libdpkg-perl
  libdynaloader-functions-perl libemail-date-format-perl libencode-locale-perl
  libeval-closure-perl libexception-class-perl libexpat1 libexporter-tiny-perl
  libfakeroot libfcgi-bin libfcgi-perl libfcgi0ldbl libfile-fcntllock-perl
  libfile-listing-perl libfile-slurp-perl libfont-afm-perl libfontconfig1
  libfreetype6 libfribidi0 libgav1-1 libgcc-12-dev libgd3 libgdbm-compat4
  libgdbm6 libgetopt-long-descriptive-perl libglib2.0-0 libglib2.0-data
  libgomp1 libgpm2 libgprofng0 libgraphite2-3 libgssapi-krb5-2 libharfbuzz0b
  libheif1 libhtml-form-perl libhtml-format-perl libhtml-parser-perl
  libhtml-tagset-perl libhtml-template-pro-perl libhtml-tree-perl
  libhttp-cookies-perl libhttp-daemon-perl libhttp-date-perl
  libhttp-message-perl libhttp-negotiate-perl
  libhttp-server-simple-cgi-prefork-perl libhttp-server-simple-perl libicu72
  libidn12 libimport-into-perl libio-html-perl libio-multiplex-perl
  libio-socket-inet6-perl libio-socket-ssl-perl libio-stringy-perl libisl23
  libitm1 libjansson4 libjbig0 libjpeg62-turbo libjson-perl libjson-xs-perl
  libk5crypto3 libkeyutils1 libkrb5-3 libkrb5support0 libksba8 libldap-2.5-0
  libldap-common liblerc4 liblist-moreutils-perl liblist-moreutils-xs-perl
  liblocale-gettext-perl liblog-dispatch-perl liblsan0 liblwp-mediatypes-perl
  liblwp-protocol-https-perl libmail-sendmail-perl libmailtools-perl
  libmime-lite-perl libmime-types-perl libmodule-build-perl
  libmodule-implementation-perl libmodule-runtime-perl
  libmodule-signature-perl libmoo-perl libmoox-handlesvia-perl libmpc3
  libmpfr6 libmro-compat-perl libnamespace-autoclean-perl
  libnamespace-clean-perl libncursesw6 libnet-cidr-perl libnet-http-perl
  libnet-libidn-perl libnet-server-perl libnet-smtp-ssl-perl libnet-snmp-perl
  libnet-ssleay-perl libnpth0 libnsl-dev libnsl2 libnuma1
  libpackage-stash-perl libpackage-stash-xs-perl libpadwalker-perl
  libpango-1.0-0 libpangocairo-1.0-0 libpangoft2-1.0-0
  libparallel-forkmanager-perl libparams-classify-perl libparams-util-perl
  libparams-validate-perl libparams-validationcompiler-perl libpath-tiny-perl
  libperl5.36 libpixman-1-0 libpng16-16 libpod-markdown-perl
  libpod-readme-perl libpq5 libpython3-stdlib libpython3.11-minimal
  libpython3.11-stdlib libquadmath0 librav1e0 libreadline8 libreadonly-perl
  libref-util-perl libref-util-xs-perl libregexp-ipv6-perl librole-tiny-perl
  librrd8 librrds-perl libsasl2-2 libsasl2-modules libsasl2-modules-db
  libsocket6-perl libsoftware-license-perl libspecio-perl libsqlite3-0
  libssl-dev libssl3 libstdc++-12-dev libstrictures-perl libsub-exporter-perl
  libsub-exporter-progressive-perl libsub-identify-perl libsub-install-perl
  libsub-name-perl libsub-quote-perl libsub-uplevel-perl libsuper-perl
  libsvtav1enc1 libsys-hostname-long-perl libtest-deep-perl
  libtest-differences-perl libtest-exception-perl libtest-mockmodule-perl
  libtest-mockobject-perl libtest-most-perl libtest-warn-perl
  libtext-diff-perl libtext-template-perl libthai-data libthai0 libtiff6
  libtimedate-perl libtirpc-common libtirpc-dev libtirpc3 libtry-tiny-perl
  libtsan2 libtype-tiny-perl libtype-tiny-xs-perl libtypes-serialiser-perl
  libubsan1 libunicode-utf8-perl libuniversal-can-perl libuniversal-isa-perl
  liburi-escape-xs-perl liburi-perl libvariable-magic-perl libwebp7
  libwww-perl libwww-robotrules-perl libx11-6 libx11-data libx265-199 libxau6
  libxcb-render0 libxcb-shm0 libxcb1 libxdmcp6 libxext6 libxml-dumper-perl
  libxml-libxml-perl libxml-namespacesupport-perl libxml-parser-perl
  libxml-sax-base-perl libxml-sax-expat-perl libxml-sax-perl libxml2 libxpm4
  libxrender1 libxstring-perl libyuv0 linux-libc-dev make manpages
  manpages-dev media-types netbase openssl patch perl perl-modules-5.36
  perl-openssl-defaults pinentry-curses python3 python3-chardet
  python3-minimal python3-pkg-resources python3.11 python3.11-minimal
  readline-common rpcsvc-proto sensible-utils shared-mime-info shellcheck ucf
  xdg-user-dirs xz-utils
0 upgraded, 317 newly installed, 0 to remove and 1 not upgraded.
Need to get 142 MB of archives.
After this operation, 552 MB of additional disk space will be used.
Get:1 http://deb.debian.org/debian bookworm/main amd64 perl-modules-5.36 all 5.36.0-7+deb12u3 [2815 kB]
Get:2 http://deb.debian.org/debian bookworm/main amd64 libgdbm6 amd64 1.23-3 [72.2 kB]
Get:3 http://deb.debian.org/debian bookworm/main amd64 libgdbm-compat4 amd64 1.23-3 [48.2 kB]
Get:4 http://deb.debian.org/debian bookworm/main amd64 libperl5.36 amd64 5.36.0-7+deb12u3 [4196 kB]
Get:5 http://deb.debian.org/debian bookworm/main amd64 perl amd64 5.36.0-7+deb12u3 [239 kB]
Get:6 http://deb.debian.org/debian bookworm/main amd64 liblocale-gettext-perl amd64 1.07-5 [15.4 kB]
Get:7 http://deb.debian.org/debian bookworm/main amd64 libssl3 amd64 3.0.20-1~deb12u2 [2036 kB]
Get:8 http://deb.debian.org/debian bookworm/main amd64 libpython3.11-minimal amd64 3.11.2-6+deb12u8 [818 kB]
Get:9 http://deb.debian.org/debian-security bookworm-security/main amd64 libexpat1 amd64 2.5.0-1+deb12u3 [104 kB]
Get:10 http://deb.debian.org/debian bookworm/main amd64 python3.11-minimal amd64 3.11.2-6+deb12u8 [2065 kB]
Get:11 http://deb.debian.org/debian bookworm/main amd64 python3-minimal amd64 3.11.2-1+b1 [26.3 kB]
Get:12 http://deb.debian.org/debian bookworm/main amd64 media-types all 10.0.0 [26.1 kB]
Get:13 http://deb.debian.org/debian bookworm/main amd64 libncursesw6 amd64 6.4-4 [134 kB]
Get:14 http://deb.debian.org/debian bookworm/main amd64 libkrb5support0 amd64 1.20.1-2+deb12u5 [33.2 kB]
Get:15 http://deb.debian.org/debian bookworm/main amd64 libk5crypto3 amd64 1.20.1-2+deb12u5 [79.7 kB]
Get:16 http://deb.debian.org/debian bookworm/main amd64 libkeyutils1 amd64 1.6.3-2 [8808 B]
Get:17 http://deb.debian.org/debian bookworm/main amd64 libkrb5-3 amd64 1.20.1-2+deb12u5 [332 kB]
Get:18 http://deb.debian.org/debian bookworm/main amd64 libgssapi-krb5-2 amd64 1.20.1-2+deb12u5 [135 kB]
Get:19 http://deb.debian.org/debian bookworm/main amd64 libtirpc-common all 1.3.3+ds-1 [14.0 kB]
Get:20 http://deb.debian.org/debian bookworm/main amd64 libtirpc3 amd64 1.3.3+ds-1 [85.2 kB]
Get:21 http://deb.debian.org/debian bookworm/main amd64 libnsl2 amd64 1.3.0-2 [39.5 kB]
Get:22 http://deb.debian.org/debian bookworm/main amd64 readline-common all 8.2-1.3 [69.0 kB]
Get:23 http://deb.debian.org/debian bookworm/main amd64 libreadline8 amd64 8.2-1.3 [166 kB]
Get:24 http://deb.debian.org/debian bookworm/main amd64 libsqlite3-0 amd64 3.40.1-2+deb12u2 [839 kB]
Get:25 http://deb.debian.org/debian bookworm/main amd64 libpython3.11-stdlib amd64 3.11.2-6+deb12u8 [1799 kB]
Get:26 http://deb.debian.org/debian bookworm/main amd64 python3.11 amd64 3.11.2-6+deb12u8 [574 kB]
Get:27 http://deb.debian.org/debian bookworm/main amd64 libpython3-stdlib amd64 3.11.2-1+b1 [9312 B]
Get:28 http://deb.debian.org/debian bookworm/main amd64 python3 amd64 3.11.2-1+b1 [26.3 kB]
Get:29 http://deb.debian.org/debian bookworm/main amd64 netbase all 6.4 [12.8 kB]
Get:30 http://deb.debian.org/debian bookworm/main amd64 sensible-utils all 0.0.17+nmu1 [19.0 kB]
Get:31 http://deb.debian.org/debian bookworm/main amd64 bzip2 amd64 1.0.8-5+b1 [49.8 kB]
Get:32 http://deb.debian.org/debian bookworm/main amd64 openssl amd64 3.0.20-1~deb12u2 [1439 kB]
Get:33 http://deb.debian.org/debian-security bookworm-security/main amd64 ca-certificates all 20250419~deb12u1 [162 kB]
Get:34 http://deb.debian.org/debian bookworm/main amd64 krb5-locales all 1.20.1-2+deb12u5 [63.5 kB]
Get:35 http://deb.debian.org/debian bookworm/main amd64 manpages all 6.03-2 [1332 kB]
Get:36 http://deb.debian.org/debian bookworm/main amd64 ucf all 3.0043+nmu1+deb12u1 [55.3 kB]
Get:37 http://deb.debian.org/debian bookworm/main amd64 xz-utils amd64 5.4.1-1+deb12u1 [471 kB]
Get:38 http://deb.debian.org/debian bookworm/main amd64 binutils-common amd64 2.40-2 [2487 kB]
Get:39 http://deb.debian.org/debian bookworm/main amd64 libbinutils amd64 2.40-2 [572 kB]
Get:40 http://deb.debian.org/debian bookworm/main amd64 libctf-nobfd0 amd64 2.40-2 [153 kB]
Get:41 http://deb.debian.org/debian bookworm/main amd64 libctf0 amd64 2.40-2 [89.8 kB]
Get:42 http://deb.debian.org/debian bookworm/main amd64 libgprofng0 amd64 2.40-2 [812 kB]
Get:43 http://deb.debian.org/debian bookworm/main amd64 libjansson4 amd64 2.14-2 [40.8 kB]
Get:44 http://deb.debian.org/debian bookworm/main amd64 binutils-x86-64-linux-gnu amd64 2.40-2 [2246 kB]
Get:45 http://deb.debian.org/debian bookworm/main amd64 binutils amd64 2.40-2 [65.0 kB]
Get:46 http://deb.debian.org/debian bookworm/main amd64 libc-dev-bin amd64 2.36-9+deb12u14 [48.1 kB]
Get:47 http://deb.debian.org/debian-security bookworm-security/main amd64 linux-libc-dev amd64 6.1.180-1 [2332 kB]
Get:48 http://deb.debian.org/debian bookworm/main amd64 libcrypt-dev amd64 1:4.4.33-2 [118 kB]
Get:49 http://deb.debian.org/debian bookworm/main amd64 libtirpc-dev amd64 1.3.3+ds-1 [191 kB]
Get:50 http://deb.debian.org/debian bookworm/main amd64 libnsl-dev amd64 1.3.0-2 [66.4 kB]
Get:51 http://deb.debian.org/debian bookworm/main amd64 rpcsvc-proto amd64 1.4.3-1 [63.3 kB]
Get:52 http://deb.debian.org/debian bookworm/main amd64 libc6-dev amd64 2.36-9+deb12u14 [1904 kB]
Get:53 http://deb.debian.org/debian bookworm/main amd64 libisl23 amd64 0.25-1.1 [683 kB]
Get:54 http://deb.debian.org/debian bookworm/main amd64 libmpfr6 amd64 4.2.0-1 [701 kB]
Get:55 http://deb.debian.org/debian bookworm/main amd64 libmpc3 amd64 1.3.1-1 [51.5 kB]
Get:56 http://deb.debian.org/debian bookworm/main amd64 cpp-12 amd64 12.2.0-14+deb12u1 [9768 kB]
Get:57 http://deb.debian.org/debian bookworm/main amd64 cpp amd64 4:12.2.0-3 [6836 B]
Get:58 http://deb.debian.org/debian bookworm/main amd64 libcc1-0 amd64 12.2.0-14+deb12u1 [41.7 kB]
Get:59 http://deb.debian.org/debian bookworm/main amd64 libgomp1 amd64 12.2.0-14+deb12u1 [116 kB]
Get:60 http://deb.debian.org/debian bookworm/main amd64 libitm1 amd64 12.2.0-14+deb12u1 [26.1 kB]
Get:61 http://deb.debian.org/debian bookworm/main amd64 libatomic1 amd64 12.2.0-14+deb12u1 [9376 B]
Get:62 http://deb.debian.org/debian bookworm/main amd64 libasan8 amd64 12.2.0-14+deb12u1 [2193 kB]
Get:63 http://deb.debian.org/debian bookworm/main amd64 liblsan0 amd64 12.2.0-14+deb12u1 [969 kB]
Get:64 http://deb.debian.org/debian bookworm/main amd64 libtsan2 amd64 12.2.0-14+deb12u1 [2197 kB]
Get:65 http://deb.debian.org/debian bookworm/main amd64 libubsan1 amd64 12.2.0-14+deb12u1 [883 kB]
Get:66 http://deb.debian.org/debian bookworm/main amd64 libquadmath0 amd64 12.2.0-14+deb12u1 [145 kB]
Get:67 http://deb.debian.org/debian bookworm/main amd64 libgcc-12-dev amd64 12.2.0-14+deb12u1 [2437 kB]
Get:68 http://deb.debian.org/debian bookworm/main amd64 gcc-12 amd64 12.2.0-14+deb12u1 [19.3 MB]
Get:69 http://deb.debian.org/debian bookworm/main amd64 gcc amd64 4:12.2.0-3 [5216 B]
Get:70 http://deb.debian.org/debian bookworm/main amd64 libstdc++-12-dev amd64 12.2.0-14+deb12u1 [2047 kB]
Get:71 http://deb.debian.org/debian bookworm/main amd64 g++-12 amd64 12.2.0-14+deb12u1 [10.7 MB]
Get:72 http://deb.debian.org/debian bookworm/main amd64 g++ amd64 4:12.2.0-3 [1356 B]
Get:73 http://deb.debian.org/debian bookworm/main amd64 make amd64 4.3-4.1 [396 kB]
Get:74 http://deb.debian.org/debian bookworm/main amd64 libdpkg-perl all 1.21.23 [604 kB]
Get:75 http://deb.debian.org/debian bookworm/main amd64 patch amd64 2.7.6-7 [128 kB]
Get:76 http://deb.debian.org/debian bookworm/main amd64 dpkg-dev all 1.21.23 [1354 kB]
Get:77 http://deb.debian.org/debian bookworm/main amd64 build-essential amd64 12.9 [7704 B]
Get:78 http://deb.debian.org/debian bookworm/main amd64 python3-pkg-resources all 66.1.1-1+deb12u2 [297 kB]
Get:79 http://deb.debian.org/debian bookworm/main amd64 python3-chardet all 5.1.0+dfsg-2 [110 kB]
Get:80 http://deb.debian.org/debian bookworm/main amd64 codespell all 2.2.2-1 [185 kB]
Get:81 http://deb.debian.org/debian bookworm/main amd64 libassuan0 amd64 2.5.5-5 [48.5 kB]
Get:82 http://deb.debian.org/debian bookworm/main amd64 gpgconf amd64 2.2.40-1.1+deb12u2 [565 kB]
Get:83 http://deb.debian.org/debian bookworm/main amd64 libksba8 amd64 1.6.3-2 [128 kB]
Get:84 http://deb.debian.org/debian bookworm/main amd64 libsasl2-modules-db amd64 2.1.28+dfsg-10 [20.3 kB]
Get:85 http://deb.debian.org/debian bookworm/main amd64 libsasl2-2 amd64 2.1.28+dfsg-10 [59.7 kB]
Get:86 http://deb.debian.org/debian bookworm/main amd64 libldap-2.5-0 amd64 2.5.13+dfsg-5 [183 kB]
Get:87 http://deb.debian.org/debian bookworm/main amd64 libnpth0 amd64 1.6-3 [19.0 kB]
Get:88 http://deb.debian.org/debian bookworm/main amd64 dirmngr amd64 2.2.40-1.1+deb12u2 [793 kB]
Get:89 http://deb.debian.org/debian bookworm/main amd64 libfakeroot amd64 1.31-1.2 [28.3 kB]
Get:90 http://deb.debian.org/debian bookworm/main amd64 fakeroot amd64 1.31-1.2 [66.9 kB]
Get:91 http://deb.debian.org/debian bookworm/main amd64 libbrotli1 amd64 1.0.9-2+b6 [275 kB]
Get:92 http://deb.debian.org/debian bookworm/main amd64 libpng16-16 amd64 1.6.39-2+deb12u5 [277 kB]
Get:93 http://deb.debian.org/debian bookworm/main amd64 libfreetype6 amd64 2.12.1+dfsg-5+deb12u4 [398 kB]
Get:94 http://deb.debian.org/debian bookworm/main amd64 fonts-dejavu-core all 2.37-6 [1068 kB]
Get:95 http://deb.debian.org/debian bookworm/main amd64 fontconfig-config amd64 2.14.1-4 [315 kB]
Get:96 http://deb.debian.org/debian bookworm/main amd64 libfontconfig1 amd64 2.14.1-4 [386 kB]
Get:97 http://deb.debian.org/debian bookworm/main amd64 fontconfig amd64 2.14.1-4 [449 kB]
Get:98 http://deb.debian.org/debian bookworm/main amd64 gnupg-l10n all 2.2.40-1.1+deb12u2 [1093 kB]
Get:99 http://deb.debian.org/debian bookworm/main amd64 gnupg-utils amd64 2.2.40-1.1+deb12u2 [927 kB]
Get:100 http://deb.debian.org/debian bookworm/main amd64 gpg amd64 2.2.40-1.1+deb12u2 [950 kB]
Get:101 http://deb.debian.org/debian bookworm/main amd64 pinentry-curses amd64 1.2.1-1 [77.4 kB]
Get:102 http://deb.debian.org/debian bookworm/main amd64 gpg-agent amd64 2.2.40-1.1+deb12u2 [695 kB]
Get:103 http://deb.debian.org/debian bookworm/main amd64 gpg-wks-client amd64 2.2.40-1.1+deb12u2 [541 kB]
Get:104 http://deb.debian.org/debian bookworm/main amd64 gpg-wks-server amd64 2.2.40-1.1+deb12u2 [531 kB]
Get:105 http://deb.debian.org/debian bookworm/main amd64 gpgsm amd64 2.2.40-1.1+deb12u2 [671 kB]
Get:106 http://deb.debian.org/debian bookworm/main amd64 gnupg all 2.2.40-1.1+deb12u2 [846 kB]
Get:107 http://deb.debian.org/debian bookworm/main amd64 libabsl20220623 amd64 20220623.1-1+deb12u2 [391 kB]
Get:108 http://deb.debian.org/debian bookworm/main amd64 libalgorithm-c3-perl all 0.11-2 [10.8 kB]
Get:109 http://deb.debian.org/debian bookworm/main amd64 libalgorithm-diff-perl all 1.201-1 [43.3 kB]
Get:110 http://deb.debian.org/debian bookworm/main amd64 libalgorithm-diff-xs-perl amd64 0.04-8+b1 [11.4 kB]
Get:111 http://deb.debian.org/debian bookworm/main amd64 libalgorithm-merge-perl all 0.08-5 [11.8 kB]
Get:112 http://deb.debian.org/debian bookworm/main amd64 libregexp-ipv6-perl all 0.03-3 [5212 B]
Get:113 http://deb.debian.org/debian bookworm/main amd64 liburi-perl all 5.17-1 [90.4 kB]
Get:114 http://deb.debian.org/debian bookworm/main amd64 liburi-escape-xs-perl amd64 0.14-2+b1 [15.2 kB]
Get:115 http://deb.debian.org/debian bookworm/main amd64 libany-uri-escape-perl all 0.01-4 [5036 B]
Get:116 http://deb.debian.org/debian bookworm/main amd64 libaom3 amd64 3.6.0-1+deb12u2 [1850 kB]
Get:117 http://deb.debian.org/debian bookworm/main amd64 libauthen-sasl-perl all 2.1600-3 [43.9 kB]
Get:118 http://deb.debian.org/debian bookworm/main amd64 libdav1d6 amd64 1.0.0-2+deb12u1 [513 kB]
Get:119 http://deb.debian.org/debian bookworm/main amd64 libgav1-1 amd64 0.18.0-1+b1 [332 kB]
Get:120 http://deb.debian.org/debian bookworm/main amd64 librav1e0 amd64 0.5.1-6 [763 kB]
Get:121 http://deb.debian.org/debian bookworm/main amd64 libsvtav1enc1 amd64 1.4.1+dfsg-1 [2121 kB]
Get:122 http://deb.debian.org/debian bookworm/main amd64 libjpeg62-turbo amd64 1:2.1.5-2 [166 kB]
Get:123 http://deb.debian.org/debian bookworm/main amd64 libyuv0 amd64 0.0~git20230123.b2528b0-1 [168 kB]
Get:124 http://deb.debian.org/debian bookworm/main amd64 libavif15 amd64 0.11.1-1+deb12u1 [94.4 kB]
Get:125 http://deb.debian.org/debian bookworm/main amd64 libb-hooks-op-check-perl amd64 0.22-2+b1 [10.5 kB]
Get:126 http://deb.debian.org/debian bookworm/main amd64 libdynaloader-functions-perl all 0.003-3 [12.7 kB]
Get:127 http://deb.debian.org/debian bookworm/main amd64 libdevel-callchecker-perl amd64 0.008-2 [15.8 kB]
Get:128 http://deb.debian.org/debian bookworm/main amd64 libparams-classify-perl amd64 0.015-2+b1 [23.1 kB]
Get:129 http://deb.debian.org/debian bookworm/main amd64 libmodule-runtime-perl all 0.016-2 [19.6 kB]
Get:130 http://deb.debian.org/debian bookworm/main amd64 libtry-tiny-perl all 0.31-2 [22.6 kB]
Get:131 http://deb.debian.org/debian bookworm/main amd64 libmodule-implementation-perl all 0.09-2 [12.6 kB]
Get:132 http://deb.debian.org/debian bookworm/main amd64 libsub-exporter-progressive-perl all 0.001013-3 [7496 B]
Get:133 http://deb.debian.org/debian bookworm/main amd64 libvariable-magic-perl amd64 0.63-1+b1 [44.0 kB]
Get:134 http://deb.debian.org/debian bookworm/main amd64 libb-hooks-endofscope-perl all 0.26-1 [19.6 kB]
Get:135 http://deb.debian.org/debian bookworm/main amd64 libbsd0 amd64 0.11.7-2 [117 kB]
Get:136 http://deb.debian.org/debian bookworm/main amd64 libde265-0 amd64 1.0.11-1+deb12u2 [185 kB]
Get:137 http://deb.debian.org/debian bookworm/main amd64 libnuma1 amd64 2.0.16-1 [21.0 kB]
Get:138 http://deb.debian.org/debian bookworm/main amd64 libx265-199 amd64 3.5-2+b1 [1150 kB]
Get:139 http://deb.debian.org/debian bookworm/main amd64 libheif1 amd64 1.15.1-1+deb12u1 [215 kB]
Get:140 http://deb.debian.org/debian bookworm/main amd64 libdeflate0 amd64 1.14-1 [61.4 kB]
Get:141 http://deb.debian.org/debian bookworm/main amd64 libjbig0 amd64 2.1-6.1 [31.7 kB]
Get:142 http://deb.debian.org/debian bookworm/main amd64 liblerc4 amd64 4.0.0+ds-2 [170 kB]
Get:143 http://deb.debian.org/debian bookworm/main amd64 libwebp7 amd64 1.2.4-0.2+deb12u1 [286 kB]
Get:144 http://deb.debian.org/debian bookworm/main amd64 libtiff6 amd64 4.5.0-6+deb12u4 [316 kB]
Get:145 http://deb.debian.org/debian bookworm/main amd64 libxau6 amd64 1:1.0.9-1 [19.7 kB]
Get:146 http://deb.debian.org/debian bookworm/main amd64 libxdmcp6 amd64 1:1.1.2-3 [26.3 kB]
Get:147 http://deb.debian.org/debian bookworm/main amd64 libxcb1 amd64 1.15-1 [144 kB]
Get:148 http://deb.debian.org/debian bookworm/main amd64 libx11-data all 2:1.8.4-2+deb12u2 [292 kB]
Get:149 http://deb.debian.org/debian bookworm/main amd64 libx11-6 amd64 2:1.8.4-2+deb12u2 [760 kB]
Get:150 http://deb.debian.org/debian bookworm/main amd64 libxpm4 amd64 1:3.5.12-1.1+deb12u1 [48.6 kB]
Get:151 http://deb.debian.org/debian-security bookworm-security/main amd64 libgd3 amd64 2.3.3-9+deb12u1 [124 kB]
Get:152 http://deb.debian.org/debian bookworm/main amd64 libc-devtools amd64 2.36-9+deb12u14 [55.7 kB]
Get:153 http://deb.debian.org/debian bookworm/main amd64 libpixman-1-0 amd64 0.42.2-1 [546 kB]
Get:154 http://deb.debian.org/debian bookworm/main amd64 libxcb-render0 amd64 1.15-1 [115 kB]
Get:155 http://deb.debian.org/debian bookworm/main amd64 libxcb-shm0 amd64 1.15-1 [105 kB]
Get:156 http://deb.debian.org/debian bookworm/main amd64 libxext6 amd64 2:1.3.4-1+b1 [52.9 kB]
Get:157 http://deb.debian.org/debian bookworm/main amd64 libxrender1 amd64 1:0.9.10-1.1 [33.2 kB]
Get:158 http://deb.debian.org/debian bookworm/main amd64 libcairo2 amd64 1.16.0-7 [575 kB]
Get:159 http://deb.debian.org/debian bookworm/main amd64 libcapture-tiny-perl all 0.48-2 [24.6 kB]
Get:160 http://deb.debian.org/debian bookworm/main amd64 libhtml-tagset-perl all 3.20-6 [11.7 kB]
Get:161 http://deb.debian.org/debian bookworm/main amd64 libhtml-parser-perl amd64 3.81-1+deb12u1 [101 kB]
Get:162 http://deb.debian.org/debian bookworm/main amd64 libcgi-pm-perl all 4.55-1 [220 kB]
Get:163 http://deb.debian.org/debian bookworm/main amd64 libfcgi0ldbl amd64 2.4.2-2+deb12u1 [24.6 kB]
Get:164 http://deb.debian.org/debian bookworm/main amd64 libfcgi-perl amd64 0.82+ds-2 [25.2 kB]
Get:165 http://deb.debian.org/debian bookworm/main amd64 libcgi-fast-perl all 1:2.15-1 [12.1 kB]
Get:166 http://deb.debian.org/debian bookworm/main amd64 libclass-c3-perl all 0.35-2 [21.0 kB]
Get:167 http://deb.debian.org/debian bookworm/main amd64 libclass-c3-xs-perl amd64 0.15-1+b3 [17.0 kB]
Get:168 http://deb.debian.org/debian bookworm/main amd64 libclass-data-inheritable-perl all 0.08-3 [8588 B]
Get:169 http://deb.debian.org/debian bookworm/main amd64 libclass-method-modifiers-perl all 2.14-1 [18.1 kB]
Get:170 http://deb.debian.org/debian bookworm/main amd64 libclass-xsaccessor-perl amd64 1.19-4+b1 [36.4 kB]
Get:171 http://deb.debian.org/debian bookworm/main amd64 libclone-perl amd64 0.46-1 [13.7 kB]
Get:172 http://deb.debian.org/debian bookworm/main amd64 libcommon-sense-perl amd64 3.75-3 [23.0 kB]
Get:173 http://deb.debian.org/debian bookworm/main amd64 libcpan-changes-perl all 0.400002-3 [29.6 kB]
Get:174 http://deb.debian.org/debian bookworm/main amd64 libdata-dump-perl all 1.25-1 [28.4 kB]
Get:175 http://deb.debian.org/debian bookworm/main amd64 libparams-util-perl amd64 1.102-2+b1 [24.8 kB]
Get:176 http://deb.debian.org/debian bookworm/main amd64 libsub-install-perl all 0.929-1 [10.5 kB]
Get:177 http://deb.debian.org/debian bookworm/main amd64 libdata-optlist-perl all 0.113-1 [10.6 kB]
Get:178 http://deb.debian.org/debian bookworm/main amd64 libexporter-tiny-perl all 1.006000-1 [38.6 kB]
Get:179 http://deb.debian.org/debian bookworm/main amd64 liblist-moreutils-xs-perl amd64 0.430-3+b1 [42.1 kB]
Get:180 http://deb.debian.org/debian bookworm/main amd64 liblist-moreutils-perl all 0.430-2 [46.9 kB]
Get:181 http://deb.debian.org/debian bookworm/main amd64 librole-tiny-perl all 2.002004-1 [21.4 kB]
Get:182 http://deb.debian.org/debian bookworm/main amd64 libstrictures-perl all 2.000006-1 [18.6 kB]
Get:183 http://deb.debian.org/debian bookworm/main amd64 libdata-perl-perl all 0.002011-2 [40.8 kB]
Get:184 http://deb.debian.org/debian bookworm/main amd64 libmro-compat-perl all 0.15-2 [11.8 kB]
Get:185 http://deb.debian.org/debian bookworm/main amd64 libsub-exporter-perl all 0.989-1 [50.5 kB]
Get:186 http://deb.debian.org/debian bookworm/main amd64 libdata-section-perl all 0.200008-1 [13.1 kB]
Get:187 http://deb.debian.org/debian bookworm/main amd64 libdatrie1 amd64 0.2.13-2+b1 [43.3 kB]
Get:188 http://deb.debian.org/debian-security bookworm-security/main amd64 libdbi-perl amd64 1.643-4+deb12u2 [774 kB]
Get:189 http://deb.debian.org/debian-security bookworm-security/main amd64 libpq5 amd64 15.19-0+deb12u1 [203 kB]
Get:190 http://deb.debian.org/debian bookworm/main amd64 libdbd-pg-perl amd64 3.16.0-2 [209 kB]
Get:191 http://deb.debian.org/debian bookworm/main amd64 libdbd-sqlite3-perl amd64 1.72-1 [179 kB]
Get:192 http://deb.debian.org/debian bookworm/main amd64 libdbi1 amd64 0.9.0-6 [28.9 kB]
Get:193 http://deb.debian.org/debian bookworm/main amd64 libpadwalker-perl amd64 2.5-1+b3 [18.3 kB]
Get:194 http://deb.debian.org/debian bookworm/main amd64 libdevel-caller-perl amd64 2.06-3+b1 [10.9 kB]
Get:195 http://deb.debian.org/debian bookworm/main amd64 libdevel-globaldestruction-perl all 0.14-4 [7144 B]
Get:196 http://deb.debian.org/debian bookworm/main amd64 libdevel-lexalias-perl amd64 0.05-3+b1 [8316 B]
Get:197 http://deb.debian.org/debian bookworm/main amd64 libdevel-stacktrace-perl all 2.0400-2 [26.8 kB]
Get:198 http://deb.debian.org/debian bookworm/main amd64 libdist-checkconflicts-perl all 0.11-2 [10.5 kB]
Get:199 http://deb.debian.org/debian bookworm/main amd64 libemail-date-format-perl all 1.008-1 [7356 B]
Get:200 http://deb.debian.org/debian bookworm/main amd64 libencode-locale-perl all 1.05-3 [12.9 kB]
Get:201 http://deb.debian.org/debian bookworm/main amd64 libeval-closure-perl all 0.14-3 [11.2 kB]
Get:202 http://deb.debian.org/debian bookworm/main amd64 libexception-class-perl all 1.45-1 [34.6 kB]
Get:203 http://deb.debian.org/debian bookworm/main amd64 libfcgi-bin amd64 2.4.2-2+deb12u1 [11.5 kB]
Get:204 http://deb.debian.org/debian bookworm/main amd64 libfile-fcntllock-perl amd64 0.22-4+b1 [34.8 kB]
Get:205 http://deb.debian.org/debian bookworm/main amd64 libtimedate-perl all 2.3300-2 [39.3 kB]
Get:206 http://deb.debian.org/debian bookworm/main amd64 libhttp-date-perl all 6.05-2 [10.5 kB]
Get:207 http://deb.debian.org/debian bookworm/main amd64 libfile-listing-perl all 6.15-1 [12.6 kB]
Get:208 http://deb.debian.org/debian bookworm/main amd64 libfile-slurp-perl all 9999.32-2 [26.7 kB]
Get:209 http://deb.debian.org/debian bookworm/main amd64 libfont-afm-perl all 1.20-4 [13.1 kB]
Get:210 http://deb.debian.org/debian bookworm/main amd64 libfribidi0 amd64 1.0.8-2.1 [65.0 kB]
Get:211 http://deb.debian.org/debian bookworm/main amd64 libio-stringy-perl all 2.111-3 [56.5 kB]
Get:212 http://deb.debian.org/debian bookworm/main amd64 libparams-validate-perl amd64 1.31-1 [64.4 kB]
Get:213 http://deb.debian.org/debian bookworm/main amd64 libgetopt-long-descriptive-perl all 0.111-1 [27.8 kB]
Get:214 http://deb.debian.org/debian bookworm/main amd64 libglib2.0-0 amd64 2.74.6-2+deb12u9 [1403 kB]
Get:215 http://deb.debian.org/debian bookworm/main amd64 libglib2.0-data all 2.74.6-2+deb12u9 [1211 kB]
Get:216 http://deb.debian.org/debian bookworm/main amd64 libgpm2 amd64 1.20.7-10+b1 [14.2 kB]
Get:217 http://deb.debian.org/debian bookworm/main amd64 libgraphite2-3 amd64 1.3.14-1+deb12u1 [74.6 kB]
Get:218 http://deb.debian.org/debian bookworm/main amd64 libharfbuzz0b amd64 6.0.0+dfsg-3 [1945 kB]
Get:219 http://deb.debian.org/debian bookworm/main amd64 libio-html-perl all 1.004-3 [16.2 kB]
Get:220 http://deb.debian.org/debian bookworm/main amd64 liblwp-mediatypes-perl all 6.04-2 [20.2 kB]
Get:221 http://deb.debian.org/debian bookworm/main amd64 libhttp-message-perl all 6.44-1 [81.7 kB]
Get:222 http://deb.debian.org/debian bookworm/main amd64 libhtml-form-perl all 6.11-1 [33.1 kB]
Get:223 http://deb.debian.org/debian bookworm/main amd64 libhtml-tree-perl all 5.07-3 [211 kB]
Get:224 http://deb.debian.org/debian bookworm/main amd64 libhtml-format-perl all 2.16-2 [38.8 kB]
Get:225 http://deb.debian.org/debian bookworm/main amd64 libjson-perl all 4.10000-1 [87.5 kB]
Get:226 http://deb.debian.org/debian bookworm/main amd64 libhtml-template-pro-perl amd64 0.9524-1+b2 [92.2 kB]
Get:227 http://deb.debian.org/debian bookworm/main amd64 libhttp-cookies-perl all 6.10-1 [19.6 kB]
Get:228 http://deb.debian.org/debian bookworm/main amd64 libhttp-daemon-perl all 6.16-1+deb13u1~deb12u1 [24.8 kB]
Get:229 http://deb.debian.org/debian bookworm/main amd64 libhttp-negotiate-perl all 6.01-2 [13.1 kB]
Get:230 http://deb.debian.org/debian bookworm/main amd64 libhttp-server-simple-perl all 0.52-2 [29.4 kB]
Get:231 http://deb.debian.org/debian bookworm/main amd64 libsocket6-perl amd64 0.29-3 [21.6 kB]
Get:232 http://deb.debian.org/debian bookworm/main amd64 libio-socket-inet6-perl all 2.73-1 [17.5 kB]
Get:233 http://deb.debian.org/debian bookworm/main amd64 libio-multiplex-perl all 1.16-3 [20.6 kB]
Get:234 http://deb.debian.org/debian bookworm/main amd64 perl-openssl-defaults amd64 7+b1 [7924 B]
Get:235 http://deb.debian.org/debian bookworm/main amd64 libnet-ssleay-perl amd64 1.92-2+b1 [317 kB]
Get:236 http://deb.debian.org/debian bookworm/main amd64 libio-socket-ssl-perl all 2.081-2 [219 kB]
Get:237 http://deb.debian.org/debian bookworm/main amd64 libnet-cidr-perl all 0.21-2 [14.8 kB]
Get:238 http://deb.debian.org/debian bookworm/main amd64 libnet-server-perl all 2.013-2 [184 kB]
Get:239 http://deb.debian.org/debian bookworm/main amd64 libhttp-server-simple-cgi-prefork-perl all 6-3 [12.4 kB]
Get:240 http://deb.debian.org/debian bookworm/main amd64 libicu72 amd64 72.1-3+deb12u1 [9376 kB]
Get:241 http://deb.debian.org/debian bookworm/main amd64 libidn12 amd64 1.41-1 [83.8 kB]
Get:242 http://deb.debian.org/debian bookworm/main amd64 libimport-into-perl all 1.002005-2 [11.3 kB]
Get:243 http://deb.debian.org/debian bookworm/main amd64 libtypes-serialiser-perl all 1.01-1 [12.2 kB]
Get:244 http://deb.debian.org/debian bookworm/main amd64 libjson-xs-perl amd64 4.040-1~deb12u1 [92.4 kB]
Get:245 http://deb.debian.org/debian bookworm/main amd64 libldap-common all 2.5.13+dfsg-5 [29.3 kB]
Get:246 http://deb.debian.org/debian bookworm/main amd64 libpackage-stash-perl all 0.40-1 [22.0 kB]
Get:247 http://deb.debian.org/debian bookworm/main amd64 libsub-identify-perl amd64 0.14-3 [10.9 kB]
Get:248 http://deb.debian.org/debian bookworm/main amd64 libsub-name-perl amd64 0.26-2+b1 [12.6 kB]
Get:249 http://deb.debian.org/debian bookworm/main amd64 libnamespace-clean-perl all 0.27-2 [17.8 kB]
Get:250 http://deb.debian.org/debian bookworm/main amd64 libnamespace-autoclean-perl all 0.29-2 [13.5 kB]
Get:251 http://deb.debian.org/debian bookworm/main amd64 libparams-validationcompiler-perl all 0.31-1 [30.9 kB]
Get:252 http://deb.debian.org/debian bookworm/main amd64 libsub-quote-perl all 2.006008-1 [21.8 kB]
Get:253 http://deb.debian.org/debian bookworm/main amd64 libxstring-perl amd64 0.005-2+b1 [8320 B]
Get:254 http://deb.debian.org/debian bookworm/main amd64 libspecio-perl all 0.48-1 [142 kB]
Get:255 http://deb.debian.org/debian bookworm/main amd64 liblog-dispatch-perl all 2.70-1 [78.4 kB]
Get:256 http://deb.debian.org/debian bookworm/main amd64 libnet-http-perl all 6.22-1 [25.3 kB]
Get:257 http://deb.debian.org/debian bookworm/main amd64 libwww-robotrules-perl all 6.02-1 [12.9 kB]
Get:258 http://deb.debian.org/debian bookworm/main amd64 libwww-perl all 6.68-1 [186 kB]
Get:259 http://deb.debian.org/debian bookworm/main amd64 liblwp-protocol-https-perl all 6.10-1 [12.2 kB]
Get:260 http://deb.debian.org/debian bookworm/main amd64 libsys-hostname-long-perl all 1.5-3 [11.6 kB]
Get:261 http://deb.debian.org/debian bookworm/main amd64 libmail-sendmail-perl all 0.80-3 [24.3 kB]
Get:262 http://deb.debian.org/debian bookworm/main amd64 libnet-smtp-ssl-perl all 1.04-2 [6548 B]
Get:263 http://deb.debian.org/debian bookworm/main amd64 libmailtools-perl all 2.21-2 [95.6 kB]
Get:264 http://deb.debian.org/debian bookworm/main amd64 libmime-lite-perl all 3.033-1 [72.7 kB]
Get:265 http://deb.debian.org/debian bookworm/main amd64 libmime-types-perl all 2.24-1 [67.6 kB]
Get:266 http://deb.debian.org/debian bookworm/main amd64 libmodule-build-perl all 0.423200-1 [253 kB]
Get:267 http://deb.debian.org/debian bookworm/main amd64 libmodule-signature-perl all 0.88-2 [25.9 kB]
Get:268 http://deb.debian.org/debian bookworm/main amd64 libmoo-perl all 2.005005-1 [58.0 kB]
Get:269 http://deb.debian.org/debian bookworm/main amd64 libmoox-handlesvia-perl all 0.001009-2 [18.4 kB]
Get:270 http://deb.debian.org/debian bookworm/main amd64 libnet-libidn-perl amd64 0.12.ds-4+b1 [17.1 kB]
Get:271 http://deb.debian.org/debian bookworm/main amd64 libnet-snmp-perl all 6.0.1-7 [94.7 kB]
Get:272 http://deb.debian.org/debian bookworm/main amd64 libpackage-stash-xs-perl amd64 0.30-1+b1 [19.8 kB]
Get:273 http://deb.debian.org/debian bookworm/main amd64 libthai-data all 0.1.29-1 [176 kB]
Get:274 http://deb.debian.org/debian bookworm/main amd64 libthai0 amd64 0.1.29-1 [57.5 kB]
Get:275 http://deb.debian.org/debian bookworm/main amd64 libpango-1.0-0 amd64 1.50.12+ds-1 [212 kB]
Get:276 http://deb.debian.org/debian bookworm/main amd64 libpangoft2-1.0-0 amd64 1.50.12+ds-1 [47.4 kB]
Get:277 http://deb.debian.org/debian bookworm/main amd64 libpangocairo-1.0-0 amd64 1.50.12+ds-1 [34.2 kB]
Get:278 http://deb.debian.org/debian bookworm/main amd64 libparallel-forkmanager-perl all 2.02-1 [30.4 kB]
Get:279 http://deb.debian.org/debian bookworm/main amd64 libpath-tiny-perl all 0.144-1 [56.4 kB]
Get:280 http://deb.debian.org/debian bookworm/main amd64 libpod-markdown-perl all 3.300000-2 [32.7 kB]
Get:281 http://deb.debian.org/debian bookworm/main amd64 libtype-tiny-perl all 2.002001-1 [377 kB]
Get:282 http://deb.debian.org/debian bookworm/main amd64 libpod-readme-perl all 1.2.3-1 [37.0 kB]
Get:283 http://deb.debian.org/debian bookworm/main amd64 libreadonly-perl all 2.050-3 [23.1 kB]
Get:284 http://deb.debian.org/debian bookworm/main amd64 libref-util-perl all 0.204-2 [17.4 kB]
Get:285 http://deb.debian.org/debian bookworm/main amd64 libref-util-xs-perl amd64 0.117-2+b1 [14.1 kB]
Get:286 http://deb.debian.org/debian bookworm/main amd64 libxml2 amd64 2.9.14+dfsg-1.3~deb12u6 [689 kB]
Get:287 http://deb.debian.org/debian bookworm/main amd64 librrd8 amd64 1.7.2-4+b8 [242 kB]
Get:288 http://deb.debian.org/debian bookworm/main amd64 librrds-perl amd64 1.7.2-4+b8 [114 kB]
Get:289 http://deb.debian.org/debian bookworm/main amd64 libsasl2-modules amd64 2.1.28+dfsg-10 [66.6 kB]
Get:290 http://deb.debian.org/debian bookworm/main amd64 libtext-template-perl all 1.61-1 [54.4 kB]
Get:291 http://deb.debian.org/debian bookworm/main amd64 libsoftware-license-perl all 0.104002-1 [118 kB]
Get:292 http://deb.debian.org/debian bookworm/main amd64 libssl-dev amd64 3.0.20-1~deb12u2 [2443 kB]
Get:293 http://deb.debian.org/debian bookworm/main amd64 libsub-uplevel-perl all 0.2800-3 [14.0 kB]
Get:294 http://deb.debian.org/debian bookworm/main amd64 libsuper-perl all 1.20190531-1 [11.5 kB]
Get:295 http://deb.debian.org/debian bookworm/main amd64 libtest-deep-perl all 1.204-1 [52.9 kB]
Get:296 http://deb.debian.org/debian bookworm/main amd64 libtext-diff-perl all 1.45-2 [27.2 kB]
Get:297 http://deb.debian.org/debian bookworm/main amd64 libtest-differences-perl all 0.69-1 [18.9 kB]
Get:298 http://deb.debian.org/debian bookworm/main amd64 libtest-exception-perl all 0.43-3 [16.9 kB]
Get:299 http://deb.debian.org/debian bookworm/main amd64 libtest-mockmodule-perl all 0.177.0-1 [17.1 kB]
Get:300 http://deb.debian.org/debian bookworm/main amd64 libuniversal-can-perl all 1.20140328-3 [11.9 kB]
Get:301 http://deb.debian.org/debian bookworm/main amd64 libuniversal-isa-perl all 1.20171012-3 [8672 B]
Get:302 http://deb.debian.org/debian bookworm/main amd64 libtest-mockobject-perl all 1.20200122-4 [26.7 kB]
Get:303 http://deb.debian.org/debian bookworm/main amd64 libtest-warn-perl all 0.37-2 [14.5 kB]
Get:304 http://deb.debian.org/debian bookworm/main amd64 libtest-most-perl all 0.38-1 [25.1 kB]
Get:305 http://deb.debian.org/debian bookworm/main amd64 libtype-tiny-xs-perl amd64 0.025-1 [26.4 kB]
Get:306 http://deb.debian.org/debian bookworm/main amd64 libunicode-utf8-perl amd64 0.62-2 [20.2 kB]
Get:307 http://deb.debian.org/debian bookworm/main amd64 libxml-parser-perl amd64 2.46-4+deb12u1 [201 kB]
Get:308 http://deb.debian.org/debian bookworm/main amd64 libxml-dumper-perl all 0.81-1.4 [21.2 kB]
Get:309 http://deb.debian.org/debian bookworm/main amd64 libxml-namespacesupport-perl all 1.12-2 [15.1 kB]
Get:310 http://deb.debian.org/debian bookworm/main amd64 libxml-sax-base-perl all 1.09-3 [20.6 kB]
Get:311 http://deb.debian.org/debian bookworm/main amd64 libxml-sax-perl all 1.02+dfsg-3 [59.4 kB]
Get:312 http://deb.debian.org/debian bookworm/main amd64 libxml-libxml-perl amd64 2.0207+dfsg+really+2.0134-1+deb12u1 [322 kB]
Get:313 http://deb.debian.org/debian bookworm/main amd64 libxml-sax-expat-perl all 0.51-2 [11.1 kB]
Get:314 http://deb.debian.org/debian bookworm/main amd64 manpages-dev all 6.03-2 [2030 kB]
Get:315 http://deb.debian.org/debian bookworm/main amd64 shared-mime-info amd64 2.2-1 [729 kB]
Get:316 http://deb.debian.org/debian bookworm/main amd64 shellcheck amd64 0.9.0-1 [2621 kB]
Get:317 http://deb.debian.org/debian bookworm/main amd64 xdg-user-dirs amd64 0.18-1 [54.4 kB]
debconf: delaying package configuration, since apt-utils is not installed
Fetched 142 MB in 2s (83.7 MB/s)
Selecting previously unselected package perl-modules-5.36.
(Reading database ... (Reading database ... 5%(Reading database ... 10%(Reading database ... 15%(Reading database ... 20%(Reading database ... 25%(Reading database ... 30%(Reading database ... 35%(Reading database ... 40%(Reading database ... 45%(Reading database ... 50%(Reading database ... 55%(Reading database ... 60%(Reading database ... 65%(Reading database ... 70%(Reading database ... 75%(Reading database ... 80%(Reading database ... 85%(Reading database ... 90%(Reading database ... 95%(Reading database ... 100%(Reading database ... 6096 files and directories currently installed.)
Preparing to unpack .../0-perl-modules-5.36_5.36.0-7+deb12u3_all.deb ...
Unpacking perl-modules-5.36 (5.36.0-7+deb12u3) ...
Selecting previously unselected package libgdbm6:amd64.
Preparing to unpack .../1-libgdbm6_1.23-3_amd64.deb ...
Unpacking libgdbm6:amd64 (1.23-3) ...
Selecting previously unselected package libgdbm-compat4:amd64.
Preparing to unpack .../2-libgdbm-compat4_1.23-3_amd64.deb ...
Unpacking libgdbm-compat4:amd64 (1.23-3) ...
Selecting previously unselected package libperl5.36:amd64.
Preparing to unpack .../3-libperl5.36_5.36.0-7+deb12u3_amd64.deb ...
Unpacking libperl5.36:amd64 (5.36.0-7+deb12u3) ...
Selecting previously unselected package perl.
Preparing to unpack .../4-perl_5.36.0-7+deb12u3_amd64.deb ...
Unpacking perl (5.36.0-7+deb12u3) ...
Selecting previously unselected package liblocale-gettext-perl.
Preparing to unpack .../5-liblocale-gettext-perl_1.07-5_amd64.deb ...
Unpacking liblocale-gettext-perl (1.07-5) ...
Selecting previously unselected package libssl3:amd64.
Preparing to unpack .../6-libssl3_3.0.20-1~deb12u2_amd64.deb ...
Unpacking libssl3:amd64 (3.0.20-1~deb12u2) ...
Selecting previously unselected package libpython3.11-minimal:amd64.
Preparing to unpack .../7-libpython3.11-minimal_3.11.2-6+deb12u8_amd64.deb ...
Unpacking libpython3.11-minimal:amd64 (3.11.2-6+deb12u8) ...
Selecting previously unselected package libexpat1:amd64.
Preparing to unpack .../8-libexpat1_2.5.0-1+deb12u3_amd64.deb ...
Unpacking libexpat1:amd64 (2.5.0-1+deb12u3) ...
Selecting previously unselected package python3.11-minimal.
Preparing to unpack .../9-python3.11-minimal_3.11.2-6+deb12u8_amd64.deb ...
Unpacking python3.11-minimal (3.11.2-6+deb12u8) ...
Setting up libssl3:amd64 (3.0.20-1~deb12u2) ...
Setting up libpython3.11-minimal:amd64 (3.11.2-6+deb12u8) ...
Setting up libexpat1:amd64 (2.5.0-1+deb12u3) ...
Setting up python3.11-minimal (3.11.2-6+deb12u8) ...
Selecting previously unselected package python3-minimal.
(Reading database ... (Reading database ... 5%(Reading database ... 10%(Reading database ... 15%(Reading database ... 20%(Reading database ... 25%(Reading database ... 30%(Reading database ... 35%(Reading database ... 40%(Reading database ... 45%(Reading database ... 50%(Reading database ... 55%(Reading database ... 60%(Reading database ... 65%(Reading database ... 70%(Reading database ... 75%(Reading database ... 80%(Reading database ... 85%(Reading database ... 90%(Reading database ... 95%(Reading database ... 100%(Reading database ... 8443 files and directories currently installed.)
Preparing to unpack .../00-python3-minimal_3.11.2-1+b1_amd64.deb ...
Unpacking python3-minimal (3.11.2-1+b1) ...
Selecting previously unselected package media-types.
Preparing to unpack .../01-media-types_10.0.0_all.deb ...
Unpacking media-types (10.0.0) ...
Selecting previously unselected package libncursesw6:amd64.
Preparing to unpack .../02-libncursesw6_6.4-4_amd64.deb ...
Unpacking libncursesw6:amd64 (6.4-4) ...
Selecting previously unselected package libkrb5support0:amd64.
Preparing to unpack .../03-libkrb5support0_1.20.1-2+deb12u5_amd64.deb ...
Unpacking libkrb5support0:amd64 (1.20.1-2+deb12u5) ...
Selecting previously unselected package libk5crypto3:amd64.
Preparing to unpack .../04-libk5crypto3_1.20.1-2+deb12u5_amd64.deb ...
Unpacking libk5crypto3:amd64 (1.20.1-2+deb12u5) ...
Selecting previously unselected package libkeyutils1:amd64.
Preparing to unpack .../05-libkeyutils1_1.6.3-2_amd64.deb ...
Unpacking libkeyutils1:amd64 (1.6.3-2) ...
Selecting previously unselected package libkrb5-3:amd64.
Preparing to unpack .../06-libkrb5-3_1.20.1-2+deb12u5_amd64.deb ...
Unpacking libkrb5-3:amd64 (1.20.1-2+deb12u5) ...
Selecting previously unselected package libgssapi-krb5-2:amd64.
Preparing to unpack .../07-libgssapi-krb5-2_1.20.1-2+deb12u5_amd64.deb ...
Unpacking libgssapi-krb5-2:amd64 (1.20.1-2+deb12u5) ...
Selecting previously unselected package libtirpc-common.
Preparing to unpack .../08-libtirpc-common_1.3.3+ds-1_all.deb ...
Unpacking libtirpc-common (1.3.3+ds-1) ...
Selecting previously unselected package libtirpc3:amd64.
Preparing to unpack .../09-libtirpc3_1.3.3+ds-1_amd64.deb ...
Unpacking libtirpc3:amd64 (1.3.3+ds-1) ...
Selecting previously unselected package libnsl2:amd64.
Preparing to unpack .../10-libnsl2_1.3.0-2_amd64.deb ...
Unpacking libnsl2:amd64 (1.3.0-2) ...
Selecting previously unselected package readline-common.
Preparing to unpack .../11-readline-common_8.2-1.3_all.deb ...
Unpacking readline-common (8.2-1.3) ...
Selecting previously unselected package libreadline8:amd64.
Preparing to unpack .../12-libreadline8_8.2-1.3_amd64.deb ...
Unpacking libreadline8:amd64 (8.2-1.3) ...
Selecting previously unselected package libsqlite3-0:amd64.
Preparing to unpack .../13-libsqlite3-0_3.40.1-2+deb12u2_amd64.deb ...
Unpacking libsqlite3-0:amd64 (3.40.1-2+deb12u2) ...
Selecting previously unselected package libpython3.11-stdlib:amd64.
Preparing to unpack .../14-libpython3.11-stdlib_3.11.2-6+deb12u8_amd64.deb ...
Unpacking libpython3.11-stdlib:amd64 (3.11.2-6+deb12u8) ...
Selecting previously unselected package python3.11.
Preparing to unpack .../15-python3.11_3.11.2-6+deb12u8_amd64.deb ...
Unpacking python3.11 (3.11.2-6+deb12u8) ...
Selecting previously unselected package libpython3-stdlib:amd64.
Preparing to unpack .../16-libpython3-stdlib_3.11.2-1+b1_amd64.deb ...
Unpacking libpython3-stdlib:amd64 (3.11.2-1+b1) ...
Setting up python3-minimal (3.11.2-1+b1) ...
Selecting previously unselected package python3.
(Reading database ... (Reading database ... 5%(Reading database ... 10%(Reading database ... 15%(Reading database ... 20%(Reading database ... 25%(Reading database ... 30%(Reading database ... 35%(Reading database ... 40%(Reading database ... 45%(Reading database ... 50%(Reading database ... 55%(Reading database ... 60%(Reading database ... 65%(Reading database ... 70%(Reading database ... 75%(Reading database ... 80%(Reading database ... 85%(Reading database ... 90%(Reading database ... 95%(Reading database ... 100%(Reading database ... 8950 files and directories currently installed.)
Preparing to unpack .../000-python3_3.11.2-1+b1_amd64.deb ...
Unpacking python3 (3.11.2-1+b1) ...
Selecting previously unselected package netbase.
Preparing to unpack .../001-netbase_6.4_all.deb ...
Unpacking netbase (6.4) ...
Selecting previously unselected package sensible-utils.
Preparing to unpack .../002-sensible-utils_0.0.17+nmu1_all.deb ...
Unpacking sensible-utils (0.0.17+nmu1) ...
Selecting previously unselected package bzip2.
Preparing to unpack .../003-bzip2_1.0.8-5+b1_amd64.deb ...
Unpacking bzip2 (1.0.8-5+b1) ...
Selecting previously unselected package openssl.
Preparing to unpack .../004-openssl_3.0.20-1~deb12u2_amd64.deb ...
Unpacking openssl (3.0.20-1~deb12u2) ...
Selecting previously unselected package ca-certificates.
Preparing to unpack .../005-ca-certificates_20250419~deb12u1_all.deb ...
Unpacking ca-certificates (20250419~deb12u1) ...
Selecting previously unselected package krb5-locales.
Preparing to unpack .../006-krb5-locales_1.20.1-2+deb12u5_all.deb ...
Unpacking krb5-locales (1.20.1-2+deb12u5) ...
Selecting previously unselected package manpages.
Preparing to unpack .../007-manpages_6.03-2_all.deb ...
Unpacking manpages (6.03-2) ...
Selecting previously unselected package ucf.
Preparing to unpack .../008-ucf_3.0043+nmu1+deb12u1_all.deb ...
Moving old data out of the way
Unpacking ucf (3.0043+nmu1+deb12u1) ...
Selecting previously unselected package xz-utils.
Preparing to unpack .../009-xz-utils_5.4.1-1+deb12u1_amd64.deb ...
Unpacking xz-utils (5.4.1-1+deb12u1) ...
Selecting previously unselected package binutils-common:amd64.
Preparing to unpack .../010-binutils-common_2.40-2_amd64.deb ...
Unpacking binutils-common:amd64 (2.40-2) ...
Selecting previously unselected package libbinutils:amd64.
Preparing to unpack .../011-libbinutils_2.40-2_amd64.deb ...
Unpacking libbinutils:amd64 (2.40-2) ...
Selecting previously unselected package libctf-nobfd0:amd64.
Preparing to unpack .../012-libctf-nobfd0_2.40-2_amd64.deb ...
Unpacking libctf-nobfd0:amd64 (2.40-2) ...
Selecting previously unselected package libctf0:amd64.
Preparing to unpack .../013-libctf0_2.40-2_amd64.deb ...
Unpacking libctf0:amd64 (2.40-2) ...
Selecting previously unselected package libgprofng0:amd64.
Preparing to unpack .../014-libgprofng0_2.40-2_amd64.deb ...
Unpacking libgprofng0:amd64 (2.40-2) ...
Selecting previously unselected package libjansson4:amd64.
Preparing to unpack .../015-libjansson4_2.14-2_amd64.deb ...
Unpacking libjansson4:amd64 (2.14-2) ...
Selecting previously unselected package binutils-x86-64-linux-gnu.
Preparing to unpack .../016-binutils-x86-64-linux-gnu_2.40-2_amd64.deb ...
Unpacking binutils-x86-64-linux-gnu (2.40-2) ...
Selecting previously unselected package binutils.
Preparing to unpack .../017-binutils_2.40-2_amd64.deb ...
Unpacking binutils (2.40-2) ...
Selecting previously unselected package libc-dev-bin.
Preparing to unpack .../018-libc-dev-bin_2.36-9+deb12u14_amd64.deb ...
Unpacking libc-dev-bin (2.36-9+deb12u14) ...
Selecting previously unselected package linux-libc-dev:amd64.
Preparing to unpack .../019-linux-libc-dev_6.1.180-1_amd64.deb ...
Unpacking linux-libc-dev:amd64 (6.1.180-1) ...
Selecting previously unselected package libcrypt-dev:amd64.
Preparing to unpack .../020-libcrypt-dev_1%3a4.4.33-2_amd64.deb ...
Unpacking libcrypt-dev:amd64 (1:4.4.33-2) ...
Selecting previously unselected package libtirpc-dev:amd64.
Preparing to unpack .../021-libtirpc-dev_1.3.3+ds-1_amd64.deb ...
Unpacking libtirpc-dev:amd64 (1.3.3+ds-1) ...
Selecting previously unselected package libnsl-dev:amd64.
Preparing to unpack .../022-libnsl-dev_1.3.0-2_amd64.deb ...
Unpacking libnsl-dev:amd64 (1.3.0-2) ...
Selecting previously unselected package rpcsvc-proto.
Preparing to unpack .../023-rpcsvc-proto_1.4.3-1_amd64.deb ...
Unpacking rpcsvc-proto (1.4.3-1) ...
Selecting previously unselected package libc6-dev:amd64.
Preparing to unpack .../024-libc6-dev_2.36-9+deb12u14_amd64.deb ...
Unpacking libc6-dev:amd64 (2.36-9+deb12u14) ...
Selecting previously unselected package libisl23:amd64.
Preparing to unpack .../025-libisl23_0.25-1.1_amd64.deb ...
Unpacking libisl23:amd64 (0.25-1.1) ...
Selecting previously unselected package libmpfr6:amd64.
Preparing to unpack .../026-libmpfr6_4.2.0-1_amd64.deb ...
Unpacking libmpfr6:amd64 (4.2.0-1) ...
Selecting previously unselected package libmpc3:amd64.
Preparing to unpack .../027-libmpc3_1.3.1-1_amd64.deb ...
Unpacking libmpc3:amd64 (1.3.1-1) ...
Selecting previously unselected package cpp-12.
Preparing to unpack .../028-cpp-12_12.2.0-14+deb12u1_amd64.deb ...
Unpacking cpp-12 (12.2.0-14+deb12u1) ...
Selecting previously unselected package cpp.
Preparing to unpack .../029-cpp_4%3a12.2.0-3_amd64.deb ...
Unpacking cpp (4:12.2.0-3) ...
Selecting previously unselected package libcc1-0:amd64.
Preparing to unpack .../030-libcc1-0_12.2.0-14+deb12u1_amd64.deb ...
Unpacking libcc1-0:amd64 (12.2.0-14+deb12u1) ...
Selecting previously unselected package libgomp1:amd64.
Preparing to unpack .../031-libgomp1_12.2.0-14+deb12u1_amd64.deb ...
Unpacking libgomp1:amd64 (12.2.0-14+deb12u1) ...
Selecting previously unselected package libitm1:amd64.
Preparing to unpack .../032-libitm1_12.2.0-14+deb12u1_amd64.deb ...
Unpacking libitm1:amd64 (12.2.0-14+deb12u1) ...
Selecting previously unselected package libatomic1:amd64.
Preparing to unpack .../033-libatomic1_12.2.0-14+deb12u1_amd64.deb ...
Unpacking libatomic1:amd64 (12.2.0-14+deb12u1) ...
Selecting previously unselected package libasan8:amd64.
Preparing to unpack .../034-libasan8_12.2.0-14+deb12u1_amd64.deb ...
Unpacking libasan8:amd64 (12.2.0-14+deb12u1) ...
Selecting previously unselected package liblsan0:amd64.
Preparing to unpack .../035-liblsan0_12.2.0-14+deb12u1_amd64.deb ...
Unpacking liblsan0:amd64 (12.2.0-14+deb12u1) ...
Selecting previously unselected package libtsan2:amd64.
Preparing to unpack .../036-libtsan2_12.2.0-14+deb12u1_amd64.deb ...
Unpacking libtsan2:amd64 (12.2.0-14+deb12u1) ...
Selecting previously unselected package libubsan1:amd64.
Preparing to unpack .../037-libubsan1_12.2.0-14+deb12u1_amd64.deb ...
Unpacking libubsan1:amd64 (12.2.0-14+deb12u1) ...
Selecting previously unselected package libquadmath0:amd64.
Preparing to unpack .../038-libquadmath0_12.2.0-14+deb12u1_amd64.deb ...
Unpacking libquadmath0:amd64 (12.2.0-14+deb12u1) ...
Selecting previously unselected package libgcc-12-dev:amd64.
Preparing to unpack .../039-libgcc-12-dev_12.2.0-14+deb12u1_amd64.deb ...
Unpacking libgcc-12-dev:amd64 (12.2.0-14+deb12u1) ...
Selecting previously unselected package gcc-12.
Preparing to unpack .../040-gcc-12_12.2.0-14+deb12u1_amd64.deb ...
Unpacking gcc-12 (12.2.0-14+deb12u1) ...
Selecting previously unselected package gcc.
Preparing to unpack .../041-gcc_4%3a12.2.0-3_amd64.deb ...
Unpacking gcc (4:12.2.0-3) ...
Selecting previously unselected package libstdc++-12-dev:amd64.
Preparing to unpack .../042-libstdc++-12-dev_12.2.0-14+deb12u1_amd64.deb ...
Unpacking libstdc++-12-dev:amd64 (12.2.0-14+deb12u1) ...
Selecting previously unselected package g++-12.
Preparing to unpack .../043-g++-12_12.2.0-14+deb12u1_amd64.deb ...
Unpacking g++-12 (12.2.0-14+deb12u1) ...
Selecting previously unselected package g++.
Preparing to unpack .../044-g++_4%3a12.2.0-3_amd64.deb ...
Unpacking g++ (4:12.2.0-3) ...
Selecting previously unselected package make.
Preparing to unpack .../045-make_4.3-4.1_amd64.deb ...
Unpacking make (4.3-4.1) ...
Selecting previously unselected package libdpkg-perl.
Preparing to unpack .../046-libdpkg-perl_1.21.23_all.deb ...
Unpacking libdpkg-perl (1.21.23) ...
Selecting previously unselected package patch.
Preparing to unpack .../047-patch_2.7.6-7_amd64.deb ...
Unpacking patch (2.7.6-7) ...
Selecting previously unselected package dpkg-dev.
Preparing to unpack .../048-dpkg-dev_1.21.23_all.deb ...
Unpacking dpkg-dev (1.21.23) ...
Selecting previously unselected package build-essential.
Preparing to unpack .../049-build-essential_12.9_amd64.deb ...
Unpacking build-essential (12.9) ...
Selecting previously unselected package python3-pkg-resources.
Preparing to unpack .../050-python3-pkg-resources_66.1.1-1+deb12u2_all.deb ...
Unpacking python3-pkg-resources (66.1.1-1+deb12u2) ...
Selecting previously unselected package python3-chardet.
Preparing to unpack .../051-python3-chardet_5.1.0+dfsg-2_all.deb ...
Unpacking python3-chardet (5.1.0+dfsg-2) ...
Selecting previously unselected package codespell.
Preparing to unpack .../052-codespell_2.2.2-1_all.deb ...
Unpacking codespell (2.2.2-1) ...
Selecting previously unselected package libassuan0:amd64.
Preparing to unpack .../053-libassuan0_2.5.5-5_amd64.deb ...
Unpacking libassuan0:amd64 (2.5.5-5) ...
Selecting previously unselected package gpgconf.
Preparing to unpack .../054-gpgconf_2.2.40-1.1+deb12u2_amd64.deb ...
Unpacking gpgconf (2.2.40-1.1+deb12u2) ...
Selecting previously unselected package libksba8:amd64.
Preparing to unpack .../055-libksba8_1.6.3-2_amd64.deb ...
Unpacking libksba8:amd64 (1.6.3-2) ...
Selecting previously unselected package libsasl2-modules-db:amd64.
Preparing to unpack .../056-libsasl2-modules-db_2.1.28+dfsg-10_amd64.deb ...
Unpacking libsasl2-modules-db:amd64 (2.1.28+dfsg-10) ...
Selecting previously unselected package libsasl2-2:amd64.
Preparing to unpack .../057-libsasl2-2_2.1.28+dfsg-10_amd64.deb ...
Unpacking libsasl2-2:amd64 (2.1.28+dfsg-10) ...
Selecting previously unselected package libldap-2.5-0:amd64.
Preparing to unpack .../058-libldap-2.5-0_2.5.13+dfsg-5_amd64.deb ...
Unpacking libldap-2.5-0:amd64 (2.5.13+dfsg-5) ...
Selecting previously unselected package libnpth0:amd64.
Preparing to unpack .../059-libnpth0_1.6-3_amd64.deb ...
Unpacking libnpth0:amd64 (1.6-3) ...
Selecting previously unselected package dirmngr.
Preparing to unpack .../060-dirmngr_2.2.40-1.1+deb12u2_amd64.deb ...
Unpacking dirmngr (2.2.40-1.1+deb12u2) ...
Selecting previously unselected package libfakeroot:amd64.
Preparing to unpack .../061-libfakeroot_1.31-1.2_amd64.deb ...
Unpacking libfakeroot:amd64 (1.31-1.2) ...
Selecting previously unselected package fakeroot.
Preparing to unpack .../062-fakeroot_1.31-1.2_amd64.deb ...
Unpacking fakeroot (1.31-1.2) ...
Selecting previously unselected package libbrotli1:amd64.
Preparing to unpack .../063-libbrotli1_1.0.9-2+b6_amd64.deb ...
Unpacking libbrotli1:amd64 (1.0.9-2+b6) ...
Selecting previously unselected package libpng16-16:amd64.
Preparing to unpack .../064-libpng16-16_1.6.39-2+deb12u5_amd64.deb ...
Unpacking libpng16-16:amd64 (1.6.39-2+deb12u5) ...
Selecting previously unselected package libfreetype6:amd64.
Preparing to unpack .../065-libfreetype6_2.12.1+dfsg-5+deb12u4_amd64.deb ...
Unpacking libfreetype6:amd64 (2.12.1+dfsg-5+deb12u4) ...
Selecting previously unselected package fonts-dejavu-core.
Preparing to unpack .../066-fonts-dejavu-core_2.37-6_all.deb ...
Unpacking fonts-dejavu-core (2.37-6) ...
Selecting previously unselected package fontconfig-config.
Preparing to unpack .../067-fontconfig-config_2.14.1-4_amd64.deb ...
Unpacking fontconfig-config (2.14.1-4) ...
Selecting previously unselected package libfontconfig1:amd64.
Preparing to unpack .../068-libfontconfig1_2.14.1-4_amd64.deb ...
Unpacking libfontconfig1:amd64 (2.14.1-4) ...
Selecting previously unselected package fontconfig.
Preparing to unpack .../069-fontconfig_2.14.1-4_amd64.deb ...
Unpacking fontconfig (2.14.1-4) ...
Selecting previously unselected package gnupg-l10n.
Preparing to unpack .../070-gnupg-l10n_2.2.40-1.1+deb12u2_all.deb ...
Unpacking gnupg-l10n (2.2.40-1.1+deb12u2) ...
Selecting previously unselected package gnupg-utils.
Preparing to unpack .../071-gnupg-utils_2.2.40-1.1+deb12u2_amd64.deb ...
Unpacking gnupg-utils (2.2.40-1.1+deb12u2) ...
Selecting previously unselected package gpg.
Preparing to unpack .../072-gpg_2.2.40-1.1+deb12u2_amd64.deb ...
Unpacking gpg (2.2.40-1.1+deb12u2) ...
Selecting previously unselected package pinentry-curses.
Preparing to unpack .../073-pinentry-curses_1.2.1-1_amd64.deb ...
Unpacking pinentry-curses (1.2.1-1) ...
Selecting previously unselected package gpg-agent.
Preparing to unpack .../074-gpg-agent_2.2.40-1.1+deb12u2_amd64.deb ...
Unpacking gpg-agent (2.2.40-1.1+deb12u2) ...
Selecting previously unselected package gpg-wks-client.
Preparing to unpack .../075-gpg-wks-client_2.2.40-1.1+deb12u2_amd64.deb ...
Unpacking gpg-wks-client (2.2.40-1.1+deb12u2) ...
Selecting previously unselected package gpg-wks-server.
Preparing to unpack .../076-gpg-wks-server_2.2.40-1.1+deb12u2_amd64.deb ...
Unpacking gpg-wks-server (2.2.40-1.1+deb12u2) ...
Selecting previously unselected package gpgsm.
Preparing to unpack .../077-gpgsm_2.2.40-1.1+deb12u2_amd64.deb ...
Unpacking gpgsm (2.2.40-1.1+deb12u2) ...
Selecting previously unselected package gnupg.
Preparing to unpack .../078-gnupg_2.2.40-1.1+deb12u2_all.deb ...
Unpacking gnupg (2.2.40-1.1+deb12u2) ...
Selecting previously unselected package libabsl20220623:amd64.
Preparing to unpack .../079-libabsl20220623_20220623.1-1+deb12u2_amd64.deb ...
Unpacking libabsl20220623:amd64 (20220623.1-1+deb12u2) ...
Selecting previously unselected package libalgorithm-c3-perl.
Preparing to unpack .../080-libalgorithm-c3-perl_0.11-2_all.deb ...
Unpacking libalgorithm-c3-perl (0.11-2) ...
Selecting previously unselected package libalgorithm-diff-perl.
Preparing to unpack .../081-libalgorithm-diff-perl_1.201-1_all.deb ...
Unpacking libalgorithm-diff-perl (1.201-1) ...
Selecting previously unselected package libalgorithm-diff-xs-perl:amd64.
Preparing to unpack .../082-libalgorithm-diff-xs-perl_0.04-8+b1_amd64.deb ...
Unpacking libalgorithm-diff-xs-perl:amd64 (0.04-8+b1) ...
Selecting previously unselected package libalgorithm-merge-perl.
Preparing to unpack .../083-libalgorithm-merge-perl_0.08-5_all.deb ...
Unpacking libalgorithm-merge-perl (0.08-5) ...
Selecting previously unselected package libregexp-ipv6-perl.
Preparing to unpack .../084-libregexp-ipv6-perl_0.03-3_all.deb ...
Unpacking libregexp-ipv6-perl (0.03-3) ...
Selecting previously unselected package liburi-perl.
Preparing to unpack .../085-liburi-perl_5.17-1_all.deb ...
Unpacking liburi-perl (5.17-1) ...
Selecting previously unselected package liburi-escape-xs-perl.
Preparing to unpack .../086-liburi-escape-xs-perl_0.14-2+b1_amd64.deb ...
Unpacking liburi-escape-xs-perl (0.14-2+b1) ...
Selecting previously unselected package libany-uri-escape-perl.
Preparing to unpack .../087-libany-uri-escape-perl_0.01-4_all.deb ...
Unpacking libany-uri-escape-perl (0.01-4) ...
Selecting previously unselected package libaom3:amd64.
Preparing to unpack .../088-libaom3_3.6.0-1+deb12u2_amd64.deb ...
Unpacking libaom3:amd64 (3.6.0-1+deb12u2) ...
Selecting previously unselected package libauthen-sasl-perl.
Preparing to unpack .../089-libauthen-sasl-perl_2.1600-3_all.deb ...
Unpacking libauthen-sasl-perl (2.1600-3) ...
Selecting previously unselected package libdav1d6:amd64.
Preparing to unpack .../090-libdav1d6_1.0.0-2+deb12u1_amd64.deb ...
Unpacking libdav1d6:amd64 (1.0.0-2+deb12u1) ...
Selecting previously unselected package libgav1-1:amd64.
Preparing to unpack .../091-libgav1-1_0.18.0-1+b1_amd64.deb ...
Unpacking libgav1-1:amd64 (0.18.0-1+b1) ...
Selecting previously unselected package librav1e0:amd64.
Preparing to unpack .../092-librav1e0_0.5.1-6_amd64.deb ...
Unpacking librav1e0:amd64 (0.5.1-6) ...
Selecting previously unselected package libsvtav1enc1:amd64.
Preparing to unpack .../093-libsvtav1enc1_1.4.1+dfsg-1_amd64.deb ...
Unpacking libsvtav1enc1:amd64 (1.4.1+dfsg-1) ...
Selecting previously unselected package libjpeg62-turbo:amd64.
Preparing to unpack .../094-libjpeg62-turbo_1%3a2.1.5-2_amd64.deb ...
Unpacking libjpeg62-turbo:amd64 (1:2.1.5-2) ...
Selecting previously unselected package libyuv0:amd64.
Preparing to unpack .../095-libyuv0_0.0~git20230123.b2528b0-1_amd64.deb ...
Unpacking libyuv0:amd64 (0.0~git20230123.b2528b0-1) ...
Selecting previously unselected package libavif15:amd64.
Preparing to unpack .../096-libavif15_0.11.1-1+deb12u1_amd64.deb ...
Unpacking libavif15:amd64 (0.11.1-1+deb12u1) ...
Selecting previously unselected package libb-hooks-op-check-perl:amd64.
Preparing to unpack .../097-libb-hooks-op-check-perl_0.22-2+b1_amd64.deb ...
Unpacking libb-hooks-op-check-perl:amd64 (0.22-2+b1) ...
Selecting previously unselected package libdynaloader-functions-perl.
Preparing to unpack .../098-libdynaloader-functions-perl_0.003-3_all.deb ...
Unpacking libdynaloader-functions-perl (0.003-3) ...
Selecting previously unselected package libdevel-callchecker-perl:amd64.
Preparing to unpack .../099-libdevel-callchecker-perl_0.008-2_amd64.deb ...
Unpacking libdevel-callchecker-perl:amd64 (0.008-2) ...
Selecting previously unselected package libparams-classify-perl:amd64.
Preparing to unpack .../100-libparams-classify-perl_0.015-2+b1_amd64.deb ...
Unpacking libparams-classify-perl:amd64 (0.015-2+b1) ...
Selecting previously unselected package libmodule-runtime-perl.
Preparing to unpack .../101-libmodule-runtime-perl_0.016-2_all.deb ...
Unpacking libmodule-runtime-perl (0.016-2) ...
Selecting previously unselected package libtry-tiny-perl.
Preparing to unpack .../102-libtry-tiny-perl_0.31-2_all.deb ...
Unpacking libtry-tiny-perl (0.31-2) ...
Selecting previously unselected package libmodule-implementation-perl.
Preparing to unpack .../103-libmodule-implementation-perl_0.09-2_all.deb ...
Unpacking libmodule-implementation-perl (0.09-2) ...
Selecting previously unselected package libsub-exporter-progressive-perl.
Preparing to unpack .../104-libsub-exporter-progressive-perl_0.001013-3_all.deb ...
Unpacking libsub-exporter-progressive-perl (0.001013-3) ...
Selecting previously unselected package libvariable-magic-perl.
Preparing to unpack .../105-libvariable-magic-perl_0.63-1+b1_amd64.deb ...
Unpacking libvariable-magic-perl (0.63-1+b1) ...
Selecting previously unselected package libb-hooks-endofscope-perl.
Preparing to unpack .../106-libb-hooks-endofscope-perl_0.26-1_all.deb ...
Unpacking libb-hooks-endofscope-perl (0.26-1) ...
Selecting previously unselected package libbsd0:amd64.
Preparing to unpack .../107-libbsd0_0.11.7-2_amd64.deb ...
Unpacking libbsd0:amd64 (0.11.7-2) ...
Selecting previously unselected package libde265-0:amd64.
Preparing to unpack .../108-libde265-0_1.0.11-1+deb12u2_amd64.deb ...
Unpacking libde265-0:amd64 (1.0.11-1+deb12u2) ...
Selecting previously unselected package libnuma1:amd64.
Preparing to unpack .../109-libnuma1_2.0.16-1_amd64.deb ...
Unpacking libnuma1:amd64 (2.0.16-1) ...
Selecting previously unselected package libx265-199:amd64.
Preparing to unpack .../110-libx265-199_3.5-2+b1_amd64.deb ...
Unpacking libx265-199:amd64 (3.5-2+b1) ...
Selecting previously unselected package libheif1:amd64.
Preparing to unpack .../111-libheif1_1.15.1-1+deb12u1_amd64.deb ...
Unpacking libheif1:amd64 (1.15.1-1+deb12u1) ...
Selecting previously unselected package libdeflate0:amd64.
Preparing to unpack .../112-libdeflate0_1.14-1_amd64.deb ...
Unpacking libdeflate0:amd64 (1.14-1) ...
Selecting previously unselected package libjbig0:amd64.
Preparing to unpack .../113-libjbig0_2.1-6.1_amd64.deb ...
Unpacking libjbig0:amd64 (2.1-6.1) ...
Selecting previously unselected package liblerc4:amd64.
Preparing to unpack .../114-liblerc4_4.0.0+ds-2_amd64.deb ...
Unpacking liblerc4:amd64 (4.0.0+ds-2) ...
Selecting previously unselected package libwebp7:amd64.
Preparing to unpack .../115-libwebp7_1.2.4-0.2+deb12u1_amd64.deb ...
Unpacking libwebp7:amd64 (1.2.4-0.2+deb12u1) ...
Selecting previously unselected package libtiff6:amd64.
Preparing to unpack .../116-libtiff6_4.5.0-6+deb12u4_amd64.deb ...
Unpacking libtiff6:amd64 (4.5.0-6+deb12u4) ...
Selecting previously unselected package libxau6:amd64.
Preparing to unpack .../117-libxau6_1%3a1.0.9-1_amd64.deb ...
Unpacking libxau6:amd64 (1:1.0.9-1) ...
Selecting previously unselected package libxdmcp6:amd64.
Preparing to unpack .../118-libxdmcp6_1%3a1.1.2-3_amd64.deb ...
Unpacking libxdmcp6:amd64 (1:1.1.2-3) ...
Selecting previously unselected package libxcb1:amd64.
Preparing to unpack .../119-libxcb1_1.15-1_amd64.deb ...
Unpacking libxcb1:amd64 (1.15-1) ...
Selecting previously unselected package libx11-data.
Preparing to unpack .../120-libx11-data_2%3a1.8.4-2+deb12u2_all.deb ...
Unpacking libx11-data (2:1.8.4-2+deb12u2) ...
Selecting previously unselected package libx11-6:amd64.
Preparing to unpack .../121-libx11-6_2%3a1.8.4-2+deb12u2_amd64.deb ...
Unpacking libx11-6:amd64 (2:1.8.4-2+deb12u2) ...
Selecting previously unselected package libxpm4:amd64.
Preparing to unpack .../122-libxpm4_1%3a3.5.12-1.1+deb12u1_amd64.deb ...
Unpacking libxpm4:amd64 (1:3.5.12-1.1+deb12u1) ...
Selecting previously unselected package libgd3:amd64.
Preparing to unpack .../123-libgd3_2.3.3-9+deb12u1_amd64.deb ...
Unpacking libgd3:amd64 (2.3.3-9+deb12u1) ...
Selecting previously unselected package libc-devtools.
Preparing to unpack .../124-libc-devtools_2.36-9+deb12u14_amd64.deb ...
Unpacking libc-devtools (2.36-9+deb12u14) ...
Selecting previously unselected package libpixman-1-0:amd64.
Preparing to unpack .../125-libpixman-1-0_0.42.2-1_amd64.deb ...
Unpacking libpixman-1-0:amd64 (0.42.2-1) ...
Selecting previously unselected package libxcb-render0:amd64.
Preparing to unpack .../126-libxcb-render0_1.15-1_amd64.deb ...
Unpacking libxcb-render0:amd64 (1.15-1) ...
Selecting previously unselected package libxcb-shm0:amd64.
Preparing to unpack .../127-libxcb-shm0_1.15-1_amd64.deb ...
Unpacking libxcb-shm0:amd64 (1.15-1) ...
Selecting previously unselected package libxext6:amd64.
Preparing to unpack .../128-libxext6_2%3a1.3.4-1+b1_amd64.deb ...
Unpacking libxext6:amd64 (2:1.3.4-1+b1) ...
Selecting previously unselected package libxrender1:amd64.
Preparing to unpack .../129-libxrender1_1%3a0.9.10-1.1_amd64.deb ...
Unpacking libxrender1:amd64 (1:0.9.10-1.1) ...
Selecting previously unselected package libcairo2:amd64.
Preparing to unpack .../130-libcairo2_1.16.0-7_amd64.deb ...
Unpacking libcairo2:amd64 (1.16.0-7) ...
Selecting previously unselected package libcapture-tiny-perl.
Preparing to unpack .../131-libcapture-tiny-perl_0.48-2_all.deb ...
Unpacking libcapture-tiny-perl (0.48-2) ...
Selecting previously unselected package libhtml-tagset-perl.
Preparing to unpack .../132-libhtml-tagset-perl_3.20-6_all.deb ...
Unpacking libhtml-tagset-perl (3.20-6) ...
Selecting previously unselected package libhtml-parser-perl:amd64.
Preparing to unpack .../133-libhtml-parser-perl_3.81-1+deb12u1_amd64.deb ...
Unpacking libhtml-parser-perl:amd64 (3.81-1+deb12u1) ...
Selecting previously unselected package libcgi-pm-perl.
Preparing to unpack .../134-libcgi-pm-perl_4.55-1_all.deb ...
Unpacking libcgi-pm-perl (4.55-1) ...
Selecting previously unselected package libfcgi0ldbl:amd64.
Preparing to unpack .../135-libfcgi0ldbl_2.4.2-2+deb12u1_amd64.deb ...
Unpacking libfcgi0ldbl:amd64 (2.4.2-2+deb12u1) ...
Selecting previously unselected package libfcgi-perl.
Preparing to unpack .../136-libfcgi-perl_0.82+ds-2_amd64.deb ...
Unpacking libfcgi-perl (0.82+ds-2) ...
Selecting previously unselected package libcgi-fast-perl.
Preparing to unpack .../137-libcgi-fast-perl_1%3a2.15-1_all.deb ...
Unpacking libcgi-fast-perl (1:2.15-1) ...
Selecting previously unselected package libclass-c3-perl.
Preparing to unpack .../138-libclass-c3-perl_0.35-2_all.deb ...
Unpacking libclass-c3-perl (0.35-2) ...
Selecting previously unselected package libclass-c3-xs-perl.
Preparing to unpack .../139-libclass-c3-xs-perl_0.15-1+b3_amd64.deb ...
Unpacking libclass-c3-xs-perl (0.15-1+b3) ...
Selecting previously unselected package libclass-data-inheritable-perl.
Preparing to unpack .../140-libclass-data-inheritable-perl_0.08-3_all.deb ...
Unpacking libclass-data-inheritable-perl (0.08-3) ...
Selecting previously unselected package libclass-method-modifiers-perl.
Preparing to unpack .../141-libclass-method-modifiers-perl_2.14-1_all.deb ...
Unpacking libclass-method-modifiers-perl (2.14-1) ...
Selecting previously unselected package libclass-xsaccessor-perl.
Preparing to unpack .../142-libclass-xsaccessor-perl_1.19-4+b1_amd64.deb ...
Unpacking libclass-xsaccessor-perl (1.19-4+b1) ...
Selecting previously unselected package libclone-perl:amd64.
Preparing to unpack .../143-libclone-perl_0.46-1_amd64.deb ...
Unpacking libclone-perl:amd64 (0.46-1) ...
Selecting previously unselected package libcommon-sense-perl:amd64.
Preparing to unpack .../144-libcommon-sense-perl_3.75-3_amd64.deb ...
Unpacking libcommon-sense-perl:amd64 (3.75-3) ...
Selecting previously unselected package libcpan-changes-perl.
Preparing to unpack .../145-libcpan-changes-perl_0.400002-3_all.deb ...
Unpacking libcpan-changes-perl (0.400002-3) ...
Selecting previously unselected package libdata-dump-perl.
Preparing to unpack .../146-libdata-dump-perl_1.25-1_all.deb ...
Unpacking libdata-dump-perl (1.25-1) ...
Selecting previously unselected package libparams-util-perl.
Preparing to unpack .../147-libparams-util-perl_1.102-2+b1_amd64.deb ...
Unpacking libparams-util-perl (1.102-2+b1) ...
Selecting previously unselected package libsub-install-perl.
Preparing to unpack .../148-libsub-install-perl_0.929-1_all.deb ...
Unpacking libsub-install-perl (0.929-1) ...
Selecting previously unselected package libdata-optlist-perl.
Preparing to unpack .../149-libdata-optlist-perl_0.113-1_all.deb ...
Unpacking libdata-optlist-perl (0.113-1) ...
Selecting previously unselected package libexporter-tiny-perl.
Preparing to unpack .../150-libexporter-tiny-perl_1.006000-1_all.deb ...
Unpacking libexporter-tiny-perl (1.006000-1) ...
Selecting previously unselected package liblist-moreutils-xs-perl.
Preparing to unpack .../151-liblist-moreutils-xs-perl_0.430-3+b1_amd64.deb ...
Unpacking liblist-moreutils-xs-perl (0.430-3+b1) ...
Selecting previously unselected package liblist-moreutils-perl.
Preparing to unpack .../152-liblist-moreutils-perl_0.430-2_all.deb ...
Unpacking liblist-moreutils-perl (0.430-2) ...
Selecting previously unselected package librole-tiny-perl.
Preparing to unpack .../153-librole-tiny-perl_2.002004-1_all.deb ...
Unpacking librole-tiny-perl (2.002004-1) ...
Selecting previously unselected package libstrictures-perl.
Preparing to unpack .../154-libstrictures-perl_2.000006-1_all.deb ...
Unpacking libstrictures-perl (2.000006-1) ...
Selecting previously unselected package libdata-perl-perl.
Preparing to unpack .../155-libdata-perl-perl_0.002011-2_all.deb ...
Unpacking libdata-perl-perl (0.002011-2) ...
Selecting previously unselected package libmro-compat-perl.
Preparing to unpack .../156-libmro-compat-perl_0.15-2_all.deb ...
Unpacking libmro-compat-perl (0.15-2) ...
Selecting previously unselected package libsub-exporter-perl.
Preparing to unpack .../157-libsub-exporter-perl_0.989-1_all.deb ...
Unpacking libsub-exporter-perl (0.989-1) ...
Selecting previously unselected package libdata-section-perl.
Preparing to unpack .../158-libdata-section-perl_0.200008-1_all.deb ...
Unpacking libdata-section-perl (0.200008-1) ...
Selecting previously unselected package libdatrie1:amd64.
Preparing to unpack .../159-libdatrie1_0.2.13-2+b1_amd64.deb ...
Unpacking libdatrie1:amd64 (0.2.13-2+b1) ...
Selecting previously unselected package libdbi-perl:amd64.
Preparing to unpack .../160-libdbi-perl_1.643-4+deb12u2_amd64.deb ...
Unpacking libdbi-perl:amd64 (1.643-4+deb12u2) ...
Selecting previously unselected package libpq5:amd64.
Preparing to unpack .../161-libpq5_15.19-0+deb12u1_amd64.deb ...
Unpacking libpq5:amd64 (15.19-0+deb12u1) ...
Selecting previously unselected package libdbd-pg-perl.
Preparing to unpack .../162-libdbd-pg-perl_3.16.0-2_amd64.deb ...
Unpacking libdbd-pg-perl (3.16.0-2) ...
Selecting previously unselected package libdbd-sqlite3-perl:amd64.
Preparing to unpack .../163-libdbd-sqlite3-perl_1.72-1_amd64.deb ...
Unpacking libdbd-sqlite3-perl:amd64 (1.72-1) ...
Selecting previously unselected package libdbi1:amd64.
Preparing to unpack .../164-libdbi1_0.9.0-6_amd64.deb ...
Unpacking libdbi1:amd64 (0.9.0-6) ...
Selecting previously unselected package libpadwalker-perl.
Preparing to unpack .../165-libpadwalker-perl_2.5-1+b3_amd64.deb ...
Unpacking libpadwalker-perl (2.5-1+b3) ...
Selecting previously unselected package libdevel-caller-perl:amd64.
Preparing to unpack .../166-libdevel-caller-perl_2.06-3+b1_amd64.deb ...
Unpacking libdevel-caller-perl:amd64 (2.06-3+b1) ...
Selecting previously unselected package libdevel-globaldestruction-perl.
Preparing to unpack .../167-libdevel-globaldestruction-perl_0.14-4_all.deb ...
Unpacking libdevel-globaldestruction-perl (0.14-4) ...
Selecting previously unselected package libdevel-lexalias-perl.
Preparing to unpack .../168-libdevel-lexalias-perl_0.05-3+b1_amd64.deb ...
Unpacking libdevel-lexalias-perl (0.05-3+b1) ...
Selecting previously unselected package libdevel-stacktrace-perl.
Preparing to unpack .../169-libdevel-stacktrace-perl_2.0400-2_all.deb ...
Unpacking libdevel-stacktrace-perl (2.0400-2) ...
Selecting previously unselected package libdist-checkconflicts-perl.
Preparing to unpack .../170-libdist-checkconflicts-perl_0.11-2_all.deb ...
Unpacking libdist-checkconflicts-perl (0.11-2) ...
Selecting previously unselected package libemail-date-format-perl.
Preparing to unpack .../171-libemail-date-format-perl_1.008-1_all.deb ...
Unpacking libemail-date-format-perl (1.008-1) ...
Selecting previously unselected package libencode-locale-perl.
Preparing to unpack .../172-libencode-locale-perl_1.05-3_all.deb ...
Unpacking libencode-locale-perl (1.05-3) ...
Selecting previously unselected package libeval-closure-perl.
Preparing to unpack .../173-libeval-closure-perl_0.14-3_all.deb ...
Unpacking libeval-closure-perl (0.14-3) ...
Selecting previously unselected package libexception-class-perl.
Preparing to unpack .../174-libexception-class-perl_1.45-1_all.deb ...
Unpacking libexception-class-perl (1.45-1) ...
Selecting previously unselected package libfcgi-bin.
Preparing to unpack .../175-libfcgi-bin_2.4.2-2+deb12u1_amd64.deb ...
Unpacking libfcgi-bin (2.4.2-2+deb12u1) ...
Selecting previously unselected package libfile-fcntllock-perl.
Preparing to unpack .../176-libfile-fcntllock-perl_0.22-4+b1_amd64.deb ...
Unpacking libfile-fcntllock-perl (0.22-4+b1) ...
Selecting previously unselected package libtimedate-perl.
Preparing to unpack .../177-libtimedate-perl_2.3300-2_all.deb ...
Unpacking libtimedate-perl (2.3300-2) ...
Selecting previously unselected package libhttp-date-perl.
Preparing to unpack .../178-libhttp-date-perl_6.05-2_all.deb ...
Unpacking libhttp-date-perl (6.05-2) ...
Selecting previously unselected package libfile-listing-perl.
Preparing to unpack .../179-libfile-listing-perl_6.15-1_all.deb ...
Unpacking libfile-listing-perl (6.15-1) ...
Selecting previously unselected package libfile-slurp-perl.
Preparing to unpack .../180-libfile-slurp-perl_9999.32-2_all.deb ...
Unpacking libfile-slurp-perl (9999.32-2) ...
Selecting previously unselected package libfont-afm-perl.
Preparing to unpack .../181-libfont-afm-perl_1.20-4_all.deb ...
Unpacking libfont-afm-perl (1.20-4) ...
Selecting previously unselected package libfribidi0:amd64.
Preparing to unpack .../182-libfribidi0_1.0.8-2.1_amd64.deb ...
Unpacking libfribidi0:amd64 (1.0.8-2.1) ...
Selecting previously unselected package libio-stringy-perl.
Preparing to unpack .../183-libio-stringy-perl_2.111-3_all.deb ...
Unpacking libio-stringy-perl (2.111-3) ...
Selecting previously unselected package libparams-validate-perl:amd64.
Preparing to unpack .../184-libparams-validate-perl_1.31-1_amd64.deb ...
Unpacking libparams-validate-perl:amd64 (1.31-1) ...
Selecting previously unselected package libgetopt-long-descriptive-perl.
Preparing to unpack .../185-libgetopt-long-descriptive-perl_0.111-1_all.deb ...
Unpacking libgetopt-long-descriptive-perl (0.111-1) ...
Selecting previously unselected package libglib2.0-0:amd64.
Preparing to unpack .../186-libglib2.0-0_2.74.6-2+deb12u9_amd64.deb ...
Unpacking libglib2.0-0:amd64 (2.74.6-2+deb12u9) ...
Selecting previously unselected package libglib2.0-data.
Preparing to unpack .../187-libglib2.0-data_2.74.6-2+deb12u9_all.deb ...
Unpacking libglib2.0-data (2.74.6-2+deb12u9) ...
Selecting previously unselected package libgpm2:amd64.
Preparing to unpack .../188-libgpm2_1.20.7-10+b1_amd64.deb ...
Unpacking libgpm2:amd64 (1.20.7-10+b1) ...
Selecting previously unselected package libgraphite2-3:amd64.
Preparing to unpack .../189-libgraphite2-3_1.3.14-1+deb12u1_amd64.deb ...
Unpacking libgraphite2-3:amd64 (1.3.14-1+deb12u1) ...
Selecting previously unselected package libharfbuzz0b:amd64.
Preparing to unpack .../190-libharfbuzz0b_6.0.0+dfsg-3_amd64.deb ...
Unpacking libharfbuzz0b:amd64 (6.0.0+dfsg-3) ...
Selecting previously unselected package libio-html-perl.
Preparing to unpack .../191-libio-html-perl_1.004-3_all.deb ...
Unpacking libio-html-perl (1.004-3) ...
Selecting previously unselected package liblwp-mediatypes-perl.
Preparing to unpack .../192-liblwp-mediatypes-perl_6.04-2_all.deb ...
Unpacking liblwp-mediatypes-perl (6.04-2) ...
Selecting previously unselected package libhttp-message-perl.
Preparing to unpack .../193-libhttp-message-perl_6.44-1_all.deb ...
Unpacking libhttp-message-perl (6.44-1) ...
Selecting previously unselected package libhtml-form-perl.
Preparing to unpack .../194-libhtml-form-perl_6.11-1_all.deb ...
Unpacking libhtml-form-perl (6.11-1) ...
Selecting previously unselected package libhtml-tree-perl.
Preparing to unpack .../195-libhtml-tree-perl_5.07-3_all.deb ...
Unpacking libhtml-tree-perl (5.07-3) ...
Selecting previously unselected package libhtml-format-perl.
Preparing to unpack .../196-libhtml-format-perl_2.16-2_all.deb ...
Unpacking libhtml-format-perl (2.16-2) ...
Selecting previously unselected package libjson-perl.
Preparing to unpack .../197-libjson-perl_4.10000-1_all.deb ...
Unpacking libjson-perl (4.10000-1) ...
Selecting previously unselected package libhtml-template-pro-perl.
Preparing to unpack .../198-libhtml-template-pro-perl_0.9524-1+b2_amd64.deb ...
Unpacking libhtml-template-pro-perl (0.9524-1+b2) ...
Selecting previously unselected package libhttp-cookies-perl.
Preparing to unpack .../199-libhttp-cookies-perl_6.10-1_all.deb ...
Unpacking libhttp-cookies-perl (6.10-1) ...
Selecting previously unselected package libhttp-daemon-perl.
Preparing to unpack .../200-libhttp-daemon-perl_6.16-1+deb13u1~deb12u1_all.deb ...
Unpacking libhttp-daemon-perl (6.16-1+deb13u1~deb12u1) ...
Selecting previously unselected package libhttp-negotiate-perl.
Preparing to unpack .../201-libhttp-negotiate-perl_6.01-2_all.deb ...
Unpacking libhttp-negotiate-perl (6.01-2) ...
Selecting previously unselected package libhttp-server-simple-perl.
Preparing to unpack .../202-libhttp-server-simple-perl_0.52-2_all.deb ...
Unpacking libhttp-server-simple-perl (0.52-2) ...
Selecting previously unselected package libsocket6-perl.
Preparing to unpack .../203-libsocket6-perl_0.29-3_amd64.deb ...
Unpacking libsocket6-perl (0.29-3) ...
Selecting previously unselected package libio-socket-inet6-perl.
Preparing to unpack .../204-libio-socket-inet6-perl_2.73-1_all.deb ...
Unpacking libio-socket-inet6-perl (2.73-1) ...
Selecting previously unselected package libio-multiplex-perl.
Preparing to unpack .../205-libio-multiplex-perl_1.16-3_all.deb ...
Unpacking libio-multiplex-perl (1.16-3) ...
Selecting previously unselected package perl-openssl-defaults:amd64.
Preparing to unpack .../206-perl-openssl-defaults_7+b1_amd64.deb ...
Unpacking perl-openssl-defaults:amd64 (7+b1) ...
Selecting previously unselected package libnet-ssleay-perl:amd64.
Preparing to unpack .../207-libnet-ssleay-perl_1.92-2+b1_amd64.deb ...
Unpacking libnet-ssleay-perl:amd64 (1.92-2+b1) ...
Selecting previously unselected package libio-socket-ssl-perl.
Preparing to unpack .../208-libio-socket-ssl-perl_2.081-2_all.deb ...
Unpacking libio-socket-ssl-perl (2.081-2) ...
Selecting previously unselected package libnet-cidr-perl.
Preparing to unpack .../209-libnet-cidr-perl_0.21-2_all.deb ...
Unpacking libnet-cidr-perl (0.21-2) ...
Selecting previously unselected package libnet-server-perl.
Preparing to unpack .../210-libnet-server-perl_2.013-2_all.deb ...
Unpacking libnet-server-perl (2.013-2) ...
Selecting previously unselected package libhttp-server-simple-cgi-prefork-perl.
Preparing to unpack .../211-libhttp-server-simple-cgi-prefork-perl_6-3_all.deb ...
Unpacking libhttp-server-simple-cgi-prefork-perl (6-3) ...
Selecting previously unselected package libicu72:amd64.
Preparing to unpack .../212-libicu72_72.1-3+deb12u1_amd64.deb ...
Unpacking libicu72:amd64 (72.1-3+deb12u1) ...
Selecting previously unselected package libidn12:amd64.
Preparing to unpack .../213-libidn12_1.41-1_amd64.deb ...
Unpacking libidn12:amd64 (1.41-1) ...
Selecting previously unselected package libimport-into-perl.
Preparing to unpack .../214-libimport-into-perl_1.002005-2_all.deb ...
Unpacking libimport-into-perl (1.002005-2) ...
Selecting previously unselected package libtypes-serialiser-perl.
Preparing to unpack .../215-libtypes-serialiser-perl_1.01-1_all.deb ...
Unpacking libtypes-serialiser-perl (1.01-1) ...
Selecting previously unselected package libjson-xs-perl.
Preparing to unpack .../216-libjson-xs-perl_4.040-1~deb12u1_amd64.deb ...
Unpacking libjson-xs-perl (4.040-1~deb12u1) ...
Selecting previously unselected package libldap-common.
Preparing to unpack .../217-libldap-common_2.5.13+dfsg-5_all.deb ...
Unpacking libldap-common (2.5.13+dfsg-5) ...
Selecting previously unselected package libpackage-stash-perl.
Preparing to unpack .../218-libpackage-stash-perl_0.40-1_all.deb ...
Unpacking libpackage-stash-perl (0.40-1) ...
Selecting previously unselected package libsub-identify-perl.
Preparing to unpack .../219-libsub-identify-perl_0.14-3_amd64.deb ...
Unpacking libsub-identify-perl (0.14-3) ...
Selecting previously unselected package libsub-name-perl:amd64.
Preparing to unpack .../220-libsub-name-perl_0.26-2+b1_amd64.deb ...
Unpacking libsub-name-perl:amd64 (0.26-2+b1) ...
Selecting previously unselected package libnamespace-clean-perl.
Preparing to unpack .../221-libnamespace-clean-perl_0.27-2_all.deb ...
Unpacking libnamespace-clean-perl (0.27-2) ...
Selecting previously unselected package libnamespace-autoclean-perl.
Preparing to unpack .../222-libnamespace-autoclean-perl_0.29-2_all.deb ...
Unpacking libnamespace-autoclean-perl (0.29-2) ...
Selecting previously unselected package libparams-validationcompiler-perl.
Preparing to unpack .../223-libparams-validationcompiler-perl_0.31-1_all.deb ...
Unpacking libparams-validationcompiler-perl (0.31-1) ...
Selecting previously unselected package libsub-quote-perl.
Preparing to unpack .../224-libsub-quote-perl_2.006008-1_all.deb ...
Unpacking libsub-quote-perl (2.006008-1) ...
Selecting previously unselected package libxstring-perl:amd64.
Preparing to unpack .../225-libxstring-perl_0.005-2+b1_amd64.deb ...
Unpacking libxstring-perl:amd64 (0.005-2+b1) ...
Selecting previously unselected package libspecio-perl.
Preparing to unpack .../226-libspecio-perl_0.48-1_all.deb ...
Unpacking libspecio-perl (0.48-1) ...
Selecting previously unselected package liblog-dispatch-perl.
Preparing to unpack .../227-liblog-dispatch-perl_2.70-1_all.deb ...
Unpacking liblog-dispatch-perl (2.70-1) ...
Selecting previously unselected package libnet-http-perl.
Preparing to unpack .../228-libnet-http-perl_6.22-1_all.deb ...
Unpacking libnet-http-perl (6.22-1) ...
Selecting previously unselected package libwww-robotrules-perl.
Preparing to unpack .../229-libwww-robotrules-perl_6.02-1_all.deb ...
Unpacking libwww-robotrules-perl (6.02-1) ...
Selecting previously unselected package libwww-perl.
Preparing to unpack .../230-libwww-perl_6.68-1_all.deb ...
Unpacking libwww-perl (6.68-1) ...
Selecting previously unselected package liblwp-protocol-https-perl.
Preparing to unpack .../231-liblwp-protocol-https-perl_6.10-1_all.deb ...
Unpacking liblwp-protocol-https-perl (6.10-1) ...
Selecting previously unselected package libsys-hostname-long-perl.
Preparing to unpack .../232-libsys-hostname-long-perl_1.5-3_all.deb ...
Unpacking libsys-hostname-long-perl (1.5-3) ...
Selecting previously unselected package libmail-sendmail-perl.
Preparing to unpack .../233-libmail-sendmail-perl_0.80-3_all.deb ...
Unpacking libmail-sendmail-perl (0.80-3) ...
Selecting previously unselected package libnet-smtp-ssl-perl.
Preparing to unpack .../234-libnet-smtp-ssl-perl_1.04-2_all.deb ...
Unpacking libnet-smtp-ssl-perl (1.04-2) ...
Selecting previously unselected package libmailtools-perl.
Preparing to unpack .../235-libmailtools-perl_2.21-2_all.deb ...
Unpacking libmailtools-perl (2.21-2) ...
Selecting previously unselected package libmime-lite-perl.
Preparing to unpack .../236-libmime-lite-perl_3.033-1_all.deb ...
Unpacking libmime-lite-perl (3.033-1) ...
Selecting previously unselected package libmime-types-perl.
Preparing to unpack .../237-libmime-types-perl_2.24-1_all.deb ...
Unpacking libmime-types-perl (2.24-1) ...
Selecting previously unselected package libmodule-build-perl.
Preparing to unpack .../238-libmodule-build-perl_0.423200-1_all.deb ...
Adding 'diversion of /usr/bin/config_data to /usr/bin/config_data.diverted by libmodule-build-perl'
Adding 'diversion of /usr/share/man/man1/config_data.1.gz to /usr/share/man/man1/config_data.diverted.1.gz by libmodule-build-perl'
Unpacking libmodule-build-perl (0.423200-1) ...
Selecting previously unselected package libmodule-signature-perl.
Preparing to unpack .../239-libmodule-signature-perl_0.88-2_all.deb ...
Unpacking libmodule-signature-perl (0.88-2) ...
Selecting previously unselected package libmoo-perl.
Preparing to unpack .../240-libmoo-perl_2.005005-1_all.deb ...
Unpacking libmoo-perl (2.005005-1) ...
Selecting previously unselected package libmoox-handlesvia-perl.
Preparing to unpack .../241-libmoox-handlesvia-perl_0.001009-2_all.deb ...
Unpacking libmoox-handlesvia-perl (0.001009-2) ...
Selecting previously unselected package libnet-libidn-perl.
Preparing to unpack .../242-libnet-libidn-perl_0.12.ds-4+b1_amd64.deb ...
Unpacking libnet-libidn-perl (0.12.ds-4+b1) ...
Selecting previously unselected package libnet-snmp-perl.
Preparing to unpack .../243-libnet-snmp-perl_6.0.1-7_all.deb ...
Unpacking libnet-snmp-perl (6.0.1-7) ...
Selecting previously unselected package libpackage-stash-xs-perl:amd64.
Preparing to unpack .../244-libpackage-stash-xs-perl_0.30-1+b1_amd64.deb ...
Unpacking libpackage-stash-xs-perl:amd64 (0.30-1+b1) ...
Selecting previously unselected package libthai-data.
Preparing to unpack .../245-libthai-data_0.1.29-1_all.deb ...
Unpacking libthai-data (0.1.29-1) ...
Selecting previously unselected package libthai0:amd64.
Preparing to unpack .../246-libthai0_0.1.29-1_amd64.deb ...
Unpacking libthai0:amd64 (0.1.29-1) ...
Selecting previously unselected package libpango-1.0-0:amd64.
Preparing to unpack .../247-libpango-1.0-0_1.50.12+ds-1_amd64.deb ...
Unpacking libpango-1.0-0:amd64 (1.50.12+ds-1) ...
Selecting previously unselected package libpangoft2-1.0-0:amd64.
Preparing to unpack .../248-libpangoft2-1.0-0_1.50.12+ds-1_amd64.deb ...
Unpacking libpangoft2-1.0-0:amd64 (1.50.12+ds-1) ...
Selecting previously unselected package libpangocairo-1.0-0:amd64.
Preparing to unpack .../249-libpangocairo-1.0-0_1.50.12+ds-1_amd64.deb ...
Unpacking libpangocairo-1.0-0:amd64 (1.50.12+ds-1) ...
Selecting previously unselected package libparallel-forkmanager-perl.
Preparing to unpack .../250-libparallel-forkmanager-perl_2.02-1_all.deb ...
Unpacking libparallel-forkmanager-perl (2.02-1) ...
Selecting previously unselected package libpath-tiny-perl.
Preparing to unpack .../251-libpath-tiny-perl_0.144-1_all.deb ...
Unpacking libpath-tiny-perl (0.144-1) ...
Selecting previously unselected package libpod-markdown-perl.
Preparing to unpack .../252-libpod-markdown-perl_3.300000-2_all.deb ...
Unpacking libpod-markdown-perl (3.300000-2) ...
Selecting previously unselected package libtype-tiny-perl.
Preparing to unpack .../253-libtype-tiny-perl_2.002001-1_all.deb ...
Unpacking libtype-tiny-perl (2.002001-1) ...
Selecting previously unselected package libpod-readme-perl.
Preparing to unpack .../254-libpod-readme-perl_1.2.3-1_all.deb ...
Unpacking libpod-readme-perl (1.2.3-1) ...
Selecting previously unselected package libreadonly-perl.
Preparing to unpack .../255-libreadonly-perl_2.050-3_all.deb ...
Unpacking libreadonly-perl (2.050-3) ...
Selecting previously unselected package libref-util-perl.
Preparing to unpack .../256-libref-util-perl_0.204-2_all.deb ...
Unpacking libref-util-perl (0.204-2) ...
Selecting previously unselected package libref-util-xs-perl.
Preparing to unpack .../257-libref-util-xs-perl_0.117-2+b1_amd64.deb ...
Unpacking libref-util-xs-perl (0.117-2+b1) ...
Selecting previously unselected package libxml2:amd64.
Preparing to unpack .../258-libxml2_2.9.14+dfsg-1.3~deb12u6_amd64.deb ...
Unpacking libxml2:amd64 (2.9.14+dfsg-1.3~deb12u6) ...
Selecting previously unselected package librrd8:amd64.
Preparing to unpack .../259-librrd8_1.7.2-4+b8_amd64.deb ...
Unpacking librrd8:amd64 (1.7.2-4+b8) ...
Selecting previously unselected package librrds-perl:amd64.
Preparing to unpack .../260-librrds-perl_1.7.2-4+b8_amd64.deb ...
Unpacking librrds-perl:amd64 (1.7.2-4+b8) ...
Selecting previously unselected package libsasl2-modules:amd64.
Preparing to unpack .../261-libsasl2-modules_2.1.28+dfsg-10_amd64.deb ...
Unpacking libsasl2-modules:amd64 (2.1.28+dfsg-10) ...
Selecting previously unselected package libtext-template-perl.
Preparing to unpack .../262-libtext-template-perl_1.61-1_all.deb ...
Unpacking libtext-template-perl (1.61-1) ...
Selecting previously unselected package libsoftware-license-perl.
Preparing to unpack .../263-libsoftware-license-perl_0.104002-1_all.deb ...
Unpacking libsoftware-license-perl (0.104002-1) ...
Selecting previously unselected package libssl-dev:amd64.
Preparing to unpack .../264-libssl-dev_3.0.20-1~deb12u2_amd64.deb ...
Unpacking libssl-dev:amd64 (3.0.20-1~deb12u2) ...
Selecting previously unselected package libsub-uplevel-perl.
Preparing to unpack .../265-libsub-uplevel-perl_0.2800-3_all.deb ...
Unpacking libsub-uplevel-perl (0.2800-3) ...
Selecting previously unselected package libsuper-perl.
Preparing to unpack .../266-libsuper-perl_1.20190531-1_all.deb ...
Unpacking libsuper-perl (1.20190531-1) ...
Selecting previously unselected package libtest-deep-perl.
Preparing to unpack .../267-libtest-deep-perl_1.204-1_all.deb ...
Unpacking libtest-deep-perl (1.204-1) ...
Selecting previously unselected package libtext-diff-perl.
Preparing to unpack .../268-libtext-diff-perl_1.45-2_all.deb ...
Unpacking libtext-diff-perl (1.45-2) ...
Selecting previously unselected package libtest-differences-perl.
Preparing to unpack .../269-libtest-differences-perl_0.69-1_all.deb ...
Unpacking libtest-differences-perl (0.69-1) ...
Selecting previously unselected package libtest-exception-perl.
Preparing to unpack .../270-libtest-exception-perl_0.43-3_all.deb ...
Unpacking libtest-exception-perl (0.43-3) ...
Selecting previously unselected package libtest-mockmodule-perl.
Preparing to unpack .../271-libtest-mockmodule-perl_0.177.0-1_all.deb ...
Unpacking libtest-mockmodule-perl (0.177.0-1) ...
Selecting previously unselected package libuniversal-can-perl.
Preparing to unpack .../272-libuniversal-can-perl_1.20140328-3_all.deb ...
Unpacking libuniversal-can-perl (1.20140328-3) ...
Selecting previously unselected package libuniversal-isa-perl.
Preparing to unpack .../273-libuniversal-isa-perl_1.20171012-3_all.deb ...
Unpacking libuniversal-isa-perl (1.20171012-3) ...
Selecting previously unselected package libtest-mockobject-perl.
Preparing to unpack .../274-libtest-mockobject-perl_1.20200122-4_all.deb ...
Unpacking libtest-mockobject-perl (1.20200122-4) ...
Selecting previously unselected package libtest-warn-perl.
Preparing to unpack .../275-libtest-warn-perl_0.37-2_all.deb ...
Unpacking libtest-warn-perl (0.37-2) ...
Selecting previously unselected package libtest-most-perl.
Preparing to unpack .../276-libtest-most-perl_0.38-1_all.deb ...
Unpacking libtest-most-perl (0.38-1) ...
Selecting previously unselected package libtype-tiny-xs-perl:amd64.
Preparing to unpack .../277-libtype-tiny-xs-perl_0.025-1_amd64.deb ...
Unpacking libtype-tiny-xs-perl:amd64 (0.025-1) ...
Selecting previously unselected package libunicode-utf8-perl.
Preparing to unpack .../278-libunicode-utf8-perl_0.62-2_amd64.deb ...
Unpacking libunicode-utf8-perl (0.62-2) ...
Selecting previously unselected package libxml-parser-perl.
Preparing to unpack .../279-libxml-parser-perl_2.46-4+deb12u1_amd64.deb ...
Unpacking libxml-parser-perl (2.46-4+deb12u1) ...
Selecting previously unselected package libxml-dumper-perl.
Preparing to unpack .../280-libxml-dumper-perl_0.81-1.4_all.deb ...
Unpacking libxml-dumper-perl (0.81-1.4) ...
Selecting previously unselected package libxml-namespacesupport-perl.
Preparing to unpack .../281-libxml-namespacesupport-perl_1.12-2_all.deb ...
Unpacking libxml-namespacesupport-perl (1.12-2) ...
Selecting previously unselected package libxml-sax-base-perl.
Preparing to unpack .../282-libxml-sax-base-perl_1.09-3_all.deb ...
Unpacking libxml-sax-base-perl (1.09-3) ...
Selecting previously unselected package libxml-sax-perl.
Preparing to unpack .../283-libxml-sax-perl_1.02+dfsg-3_all.deb ...
Unpacking libxml-sax-perl (1.02+dfsg-3) ...
Selecting previously unselected package libxml-libxml-perl.
Preparing to unpack .../284-libxml-libxml-perl_2.0207+dfsg+really+2.0134-1+deb12u1_amd64.deb ...
Unpacking libxml-libxml-perl (2.0207+dfsg+really+2.0134-1+deb12u1) ...
Selecting previously unselected package libxml-sax-expat-perl.
Preparing to unpack .../285-libxml-sax-expat-perl_0.51-2_all.deb ...
Unpacking libxml-sax-expat-perl (0.51-2) ...
Selecting previously unselected package manpages-dev.
Preparing to unpack .../286-manpages-dev_6.03-2_all.deb ...
Unpacking manpages-dev (6.03-2) ...
Selecting previously unselected package shared-mime-info.
Preparing to unpack .../287-shared-mime-info_2.2-1_amd64.deb ...
Unpacking shared-mime-info (2.2-1) ...
Selecting previously unselected package shellcheck.
Preparing to unpack .../288-shellcheck_0.9.0-1_amd64.deb ...
Unpacking shellcheck (0.9.0-1) ...
Selecting previously unselected package xdg-user-dirs.
Preparing to unpack .../289-xdg-user-dirs_0.18-1_amd64.deb ...
Unpacking xdg-user-dirs (0.18-1) ...
Setting up libksba8:amd64 (1.6.3-2) ...
Setting up media-types (10.0.0) ...
Setting up libgraphite2-3:amd64 (1.3.14-1+deb12u1) ...
Setting up libpixman-1-0:amd64 (0.42.2-1) ...
Setting up libaom3:amd64 (3.6.0-1+deb12u2) ...
Setting up libabsl20220623:amd64 (20220623.1-1+deb12u2) ...
Setting up libxau6:amd64 (1:1.0.9-1) ...
Setting up libkeyutils1:amd64 (1.6.3-2) ...
Setting up libgpm2:amd64 (1.20.7-10+b1) ...
Setting up libicu72:amd64 (72.1-3+deb12u1) ...
Setting up liblerc4:amd64 (4.0.0+ds-2) ...
Setting up libdbi1:amd64 (0.9.0-6) ...
Setting up libdatrie1:amd64 (0.2.13-2+b1) ...
Setting up libfcgi0ldbl:amd64 (2.4.2-2+deb12u1) ...
Setting up xdg-user-dirs (0.18-1) ...
Setting up libglib2.0-0:amd64 (2.74.6-2+deb12u9) ...
No schema files found: doing nothing.
Setting up manpages (6.03-2) ...
Setting up libtirpc-common (1.3.3+ds-1) ...
Setting up libbrotli1:amd64 (1.0.9-2+b6) ...
Setting up libsqlite3-0:amd64 (3.40.1-2+deb12u2) ...
Setting up libsasl2-modules:amd64 (2.1.28+dfsg-10) ...
Setting up libfcgi-bin (2.4.2-2+deb12u1) ...
Setting up binutils-common:amd64 (2.40-2) ...
Setting up libdeflate0:amd64 (1.14-1) ...
Setting up perl-openssl-defaults:amd64 (7+b1) ...
Setting up linux-libc-dev:amd64 (6.1.180-1) ...
Setting up libctf-nobfd0:amd64 (2.40-2) ...
Setting up libnpth0:amd64 (1.6-3) ...
Setting up krb5-locales (1.20.1-2+deb12u5) ...
Setting up libsvtav1enc1:amd64 (1.4.1+dfsg-1) ...
Setting up libassuan0:amd64 (2.5.5-5) ...
Setting up libgomp1:amd64 (12.2.0-14+deb12u1) ...
Setting up bzip2 (1.0.8-5+b1) ...
Setting up libldap-common (2.5.13+dfsg-5) ...
Setting up libjbig0:amd64 (2.1-6.1) ...
Setting up librav1e0:amd64 (0.5.1-6) ...
Setting up shellcheck (0.9.0-1) ...
Setting up libfakeroot:amd64 (1.31-1.2) ...
Setting up libjansson4:amd64 (2.14-2) ...
Setting up libkrb5support0:amd64 (1.20.1-2+deb12u5) ...
Setting up libsasl2-modules-db:amd64 (2.1.28+dfsg-10) ...
Setting up fakeroot (1.31-1.2) ...
update-alternatives: using /usr/bin/fakeroot-sysv to provide /usr/bin/fakeroot (fakeroot) in auto mode
Setting up perl-modules-5.36 (5.36.0-7+deb12u3) ...
Setting up libglib2.0-data (2.74.6-2+deb12u9) ...
Setting up rpcsvc-proto (1.4.3-1) ...
Setting up libjpeg62-turbo:amd64 (1:2.1.5-2) ...
Setting up libx11-data (2:1.8.4-2+deb12u2) ...
Setting up make (4.3-4.1) ...
Setting up libmpfr6:amd64 (4.2.0-1) ...
Setting up gnupg-l10n (2.2.40-1.1+deb12u2) ...
Setting up xz-utils (5.4.1-1+deb12u1) ...
update-alternatives: using /usr/bin/xz to provide /usr/bin/lzma (lzma) in auto mode
Setting up libfribidi0:amd64 (1.0.8-2.1) ...
Setting up libquadmath0:amd64 (12.2.0-14+deb12u1) ...
Setting up libssl-dev:amd64 (3.0.20-1~deb12u2) ...
Setting up libpng16-16:amd64 (1.6.39-2+deb12u5) ...
Setting up libmpc3:amd64 (1.3.1-1) ...
Setting up libatomic1:amd64 (12.2.0-14+deb12u1) ...
Setting up libidn12:amd64 (1.41-1) ...
Setting up patch (2.7.6-7) ...
Setting up fonts-dejavu-core (2.37-6) ...
Setting up libgav1-1:amd64 (0.18.0-1+b1) ...
Setting up libncursesw6:amd64 (6.4-4) ...
Setting up libk5crypto3:amd64 (1.20.1-2+deb12u5) ...
Setting up libdav1d6:amd64 (1.0.0-2+deb12u1) ...
Setting up libsasl2-2:amd64 (2.1.28+dfsg-10) ...
Setting up libwebp7:amd64 (1.2.4-0.2+deb12u1) ...
Setting up libubsan1:amd64 (12.2.0-14+deb12u1) ...
Setting up libnuma1:amd64 (2.0.16-1) ...
Setting up sensible-utils (0.0.17+nmu1) ...
Setting up libcrypt-dev:amd64 (1:4.4.33-2) ...
Setting up libtiff6:amd64 (4.5.0-6+deb12u4) ...
Setting up libasan8:amd64 (12.2.0-14+deb12u1) ...
Setting up libthai-data (0.1.29-1) ...
Setting up netbase (6.4) ...
Setting up libkrb5-3:amd64 (1.20.1-2+deb12u5) ...
Setting up libtsan2:amd64 (12.2.0-14+deb12u1) ...
Setting up libbinutils:amd64 (2.40-2) ...
Setting up libisl23:amd64 (0.25-1.1) ...
Setting up libde265-0:amd64 (1.0.11-1+deb12u2) ...
Setting up libc-dev-bin (2.36-9+deb12u14) ...
Setting up openssl (3.0.20-1~deb12u2) ...
Setting up libbsd0:amd64 (0.11.7-2) ...
Setting up libyuv0:amd64 (0.0~git20230123.b2528b0-1) ...
Setting up readline-common (8.2-1.3) ...
Setting up libxml2:amd64 (2.9.14+dfsg-1.3~deb12u6) ...
Setting up libcc1-0:amd64 (12.2.0-14+deb12u1) ...
Setting up liblocale-gettext-perl (1.07-5) ...
Setting up liblsan0:amd64 (12.2.0-14+deb12u1) ...
Setting up libitm1:amd64 (12.2.0-14+deb12u1) ...
Setting up libgdbm6:amd64 (1.23-3) ...
Setting up libctf0:amd64 (2.40-2) ...
Setting up pinentry-curses (1.2.1-1) ...
Setting up manpages-dev (6.03-2) ...
Setting up libxdmcp6:amd64 (1:1.1.2-3) ...
Setting up cpp-12 (12.2.0-14+deb12u1) ...
Setting up libxcb1:amd64 (1.15-1) ...
Setting up libavif15:amd64 (0.11.1-1+deb12u1) ...
Setting up libxcb-render0:amd64 (1.15-1) ...
Setting up fontconfig-config (2.14.1-4) ...
debconf: unable to initialize frontend: Dialog
debconf: (TERM is not set, so the dialog frontend is not usable.)
debconf: falling back to frontend: Readline
debconf: unable to initialize frontend: Readline
debconf: (This frontend requires a controlling tty.)
debconf: falling back to frontend: Teletype
Setting up libreadline8:amd64 (8.2-1.3) ...
Setting up libxcb-shm0:amd64 (1.15-1) ...
Setting up libldap-2.5-0:amd64 (2.5.13+dfsg-5) ...
Setting up libthai0:amd64 (0.1.29-1) ...
Setting up ca-certificates (20250419~deb12u1) ...
debconf: unable to initialize frontend: Dialog
debconf: (TERM is not set, so the dialog frontend is not usable.)
debconf: falling back to frontend: Readline
debconf: unable to initialize frontend: Readline
debconf: (This frontend requires a controlling tty.)
debconf: falling back to frontend: Teletype
Updating certificates in /etc/ssl/certs...
150 added, 0 removed; done.
Setting up libgprofng0:amd64 (2.40-2) ...
Setting up libfreetype6:amd64 (2.12.1+dfsg-5+deb12u4) ...
Setting up libgcc-12-dev:amd64 (12.2.0-14+deb12u1) ...
Setting up shared-mime-info (2.2-1) ...
Setting up libgssapi-krb5-2:amd64 (1.20.1-2+deb12u5) ...
Setting up libgdbm-compat4:amd64 (1.23-3) ...
Setting up ucf (3.0043+nmu1+deb12u1) ...
debconf: unable to initialize frontend: Dialog
debconf: (TERM is not set, so the dialog frontend is not usable.)
debconf: falling back to frontend: Readline
debconf: unable to initialize frontend: Readline
debconf: (This frontend requires a controlling tty.)
debconf: falling back to frontend: Teletype
Setting up libx265-199:amd64 (3.5-2+b1) ...
Setting up cpp (4:12.2.0-3) ...
Setting up gpgconf (2.2.40-1.1+deb12u2) ...
Setting up libx11-6:amd64 (2:1.8.4-2+deb12u2) ...
Setting up libharfbuzz0b:amd64 (6.0.0+dfsg-3) ...
Setting up libfontconfig1:amd64 (2.14.1-4) ...
Setting up libperl5.36:amd64 (5.36.0-7+deb12u3) ...
Setting up gpg (2.2.40-1.1+deb12u2) ...
Setting up gnupg-utils (2.2.40-1.1+deb12u2) ...
Setting up binutils-x86-64-linux-gnu (2.40-2) ...
Setting up libtirpc3:amd64 (1.3.3+ds-1) ...
Setting up fontconfig (2.14.1-4) ...
Regenerating fonts cache... done.
Setting up gpg-agent (2.2.40-1.1+deb12u2) ...
Setting up libxpm4:amd64 (1:3.5.12-1.1+deb12u1) ...
Setting up libxrender1:amd64 (1:0.9.10-1.1) ...
Setting up gpgsm (2.2.40-1.1+deb12u2) ...
Setting up libpango-1.0-0:amd64 (1.50.12+ds-1) ...
Setting up libheif1:amd64 (1.15.1-1+deb12u1) ...
Setting up libpq5:amd64 (15.19-0+deb12u1) ...
Setting up libxext6:amd64 (2:1.3.4-1+b1) ...
Setting up binutils (2.40-2) ...
Setting up libcairo2:amd64 (1.16.0-7) ...
Setting up dirmngr (2.2.40-1.1+deb12u2) ...
Setting up perl (5.36.0-7+deb12u3) ...
Setting up libpackage-stash-xs-perl:amd64 (0.30-1+b1) ...
Setting up libclass-data-inheritable-perl (0.08-3) ...
Setting up libtirpc-dev:amd64 (1.3.3+ds-1) ...
Setting up libalgorithm-c3-perl (0.11-2) ...
Setting up libmodule-signature-perl (0.88-2) ...
Setting up libio-multiplex-perl (1.16-3) ...
Setting up libdata-dump-perl (1.25-1) ...
Setting up gcc-12 (12.2.0-14+deb12u1) ...
Setting up libref-util-perl (0.204-2) ...
Setting up libsocket6-perl (0.29-3) ...
Setting up libnet-libidn-perl (0.12.ds-4+b1) ...
Setting up libgd3:amd64 (2.3.3-9+deb12u1) ...
Setting up libemail-date-format-perl (1.008-1) ...
Setting up libvariable-magic-perl (0.63-1+b1) ...
Setting up libio-html-perl (1.004-3) ...
Setting up libtext-template-perl (1.61-1) ...
Setting up libb-hooks-op-check-perl:amd64 (0.22-2+b1) ...
Setting up liblist-moreutils-xs-perl (0.430-3+b1) ...
Setting up libparams-util-perl (1.102-2+b1) ...
Setting up libdpkg-perl (1.21.23) ...
Setting up libsub-exporter-progressive-perl (0.001013-3) ...
Setting up libcapture-tiny-perl (0.48-2) ...
Setting up libtimedate-perl (2.3300-2) ...
Setting up libregexp-ipv6-perl (0.03-3) ...
Setting up gpg-wks-server (2.2.40-1.1+deb12u2) ...
Setting up libsub-name-perl:amd64 (0.26-2+b1) ...
Setting up libtype-tiny-xs-perl:amd64 (0.025-1) ...
Setting up liburi-escape-xs-perl (0.14-2+b1) ...
Setting up libpath-tiny-perl (0.144-1) ...
Setting up libjson-perl (4.10000-1) ...
Setting up libnsl2:amd64 (1.3.0-2) ...
Setting up libfcgi-perl (0.82+ds-2) ...
Setting up libsub-uplevel-perl (0.2800-3) ...
Setting up libdevel-globaldestruction-perl (0.14-4) ...
Setting up libstrictures-perl (2.000006-1) ...
Setting up libsub-quote-perl (2.006008-1) ...
Setting up libdevel-stacktrace-perl (2.0400-2) ...
Setting up libclass-xsaccessor-perl (1.19-4+b1) ...
Setting up libexporter-tiny-perl (1.006000-1) ...
Setting up libuniversal-can-perl (1.20140328-3) ...
Setting up libpangoft2-1.0-0:amd64 (1.50.12+ds-1) ...
Setting up libsys-hostname-long-perl (1.5-3) ...
Setting up liburi-perl (5.17-1) ...
Setting up libdbi-perl:amd64 (1.643-4+deb12u2) ...
Setting up libpangocairo-1.0-0:amd64 (1.50.12+ds-1) ...
Setting up libc-devtools (2.36-9+deb12u14) ...
Setting up libnet-ssleay-perl:amd64 (1.92-2+b1) ...
Setting up librrd8:amd64 (1.7.2-4+b8) ...
Setting up libhttp-date-perl (6.05-2) ...
Setting up libfile-slurp-perl (9999.32-2) ...
Setting up libunicode-utf8-perl (0.62-2) ...
Setting up libhtml-template-pro-perl (0.9524-1+b2) ...
Setting up libfile-listing-perl (6.15-1) ...
Setting up gpg-wks-client (2.2.40-1.1+deb12u2) ...
Setting up libfont-afm-perl (1.20-4) ...
Setting up libdynaloader-functions-perl (0.003-3) ...
Setting up libtest-deep-perl (1.204-1) ...
Setting up libclass-method-modifiers-perl (2.14-1) ...
Setting up libref-util-xs-perl (0.117-2+b1) ...
Setting up libmime-types-perl (2.24-1) ...
Setting up libfile-fcntllock-perl (0.22-4+b1) ...
Setting up libclone-perl:amd64 (0.46-1) ...
Setting up libalgorithm-diff-perl (1.201-1) ...
Setting up libsub-identify-perl (0.14-3) ...
Setting up libio-stringy-perl (2.111-3) ...
Setting up libnet-snmp-perl (6.0.1-7) ...
Setting up liblist-moreutils-perl (0.430-2) ...
Setting up libtest-warn-perl (0.37-2) ...
Setting up libhtml-tagset-perl (3.20-6) ...
Setting up libauthen-sasl-perl (2.1600-3) ...
Setting up libpython3.11-stdlib:amd64 (3.11.2-6+deb12u8) ...
Setting up libnet-cidr-perl (0.21-2) ...
Setting up liblwp-mediatypes-perl (6.04-2) ...
Setting up libtry-tiny-perl (0.31-2) ...
Setting up libtype-tiny-perl (2.002001-1) ...
Setting up libcommon-sense-perl:amd64 (3.75-3) ...
Setting up libxml-namespacesupport-perl (1.12-2) ...
Setting up libnet-http-perl (6.22-1) ...
Setting up libpadwalker-perl (2.5-1+b3) ...
Setting up libencode-locale-perl (1.05-3) ...
Setting up libdbd-pg-perl (3.16.0-2) ...
Setting up libexception-class-perl (1.45-1) ...
Setting up libclass-c3-perl (0.35-2) ...
Setting up libxstring-perl:amd64 (0.005-2+b1) ...
Setting up libcpan-changes-perl (0.400002-3) ...
Setting up librrds-perl:amd64 (1.7.2-4+b8) ...
Setting up libdevel-callchecker-perl:amd64 (0.008-2) ...
Setting up libany-uri-escape-perl (0.01-4) ...
Setting up libclass-c3-xs-perl (0.15-1+b3) ...
Setting up libdevel-caller-perl:amd64 (2.06-3+b1) ...
Setting up libsub-install-perl (0.929-1) ...
Setting up gcc (4:12.2.0-3) ...
Setting up libio-socket-inet6-perl (2.73-1) ...
Setting up dpkg-dev (1.21.23) ...
Setting up libmodule-build-perl (0.423200-1) ...
Setting up libuniversal-isa-perl (1.20171012-3) ...
Setting up libmail-sendmail-perl (0.80-3) ...
Setting up libxml-sax-base-perl (1.09-3) ...
Setting up libreadonly-perl (2.050-3) ...
Setting up libdevel-lexalias-perl (0.05-3+b1) ...
Setting up libtest-exception-perl (0.43-3) ...
Setting up libtext-diff-perl (1.45-2) ...
Setting up libdata-optlist-perl (0.113-1) ...
Setting up libwww-robotrules-perl (6.02-1) ...
Setting up libtypes-serialiser-perl (1.01-1) ...
Setting up libnsl-dev:amd64 (1.3.0-2) ...
Setting up libhtml-parser-perl:amd64 (3.81-1+deb12u1) ...
Setting up librole-tiny-perl (2.002004-1) ...
Setting up gnupg (2.2.40-1.1+deb12u2) ...
Setting up libc6-dev:amd64 (2.36-9+deb12u14) ...
Setting up libdbd-sqlite3-perl:amd64 (1.72-1) ...
Setting up libmro-compat-perl (0.15-2) ...
Setting up libalgorithm-diff-xs-perl:amd64 (0.04-8+b1) ...
Setting up libio-socket-ssl-perl (2.081-2) ...
Setting up libsub-exporter-perl (0.989-1) ...
Setting up libpython3-stdlib:amd64 (3.11.2-1+b1) ...
Setting up libalgorithm-merge-perl (0.08-5) ...
Setting up libhttp-message-perl (6.44-1) ...
Setting up libeval-closure-perl (0.14-3) ...
Setting up libhtml-form-perl (6.11-1) ...
Setting up libpod-markdown-perl (3.300000-2) ...
Setting up libjson-xs-perl (4.040-1~deb12u1) ...
Setting up python3.11 (3.11.2-6+deb12u8) ...
Setting up libhttp-negotiate-perl (6.01-2) ...
Setting up libtest-mockobject-perl (1.20200122-4) ...
Setting up libparams-validationcompiler-perl (0.31-1) ...
Setting up libsuper-perl (1.20190531-1) ...
Setting up libtest-mockmodule-perl (0.177.0-1) ...
Setting up libstdc++-12-dev:amd64 (12.2.0-14+deb12u1) ...
Setting up libhttp-cookies-perl (6.10-1) ...
Setting up libhtml-tree-perl (5.07-3) ...
Setting up libparams-classify-perl:amd64 (0.015-2+b1) ...
Setting up libcgi-pm-perl (4.55-1) ...
Setting up libtest-differences-perl (0.69-1) ...
Setting up python3 (3.11.2-1+b1) ...
running python rtupdate hooks for python3.11...
running python post-rtupdate hooks for python3.11...
Setting up libhtml-format-perl (2.16-2) ...
Setting up libxml-sax-perl (1.02+dfsg-3) ...
update-perl-sax-parsers: Registering Perl SAX parser XML::SAX::PurePerl with priority 10...
update-perl-sax-parsers: Updating overall Perl SAX parser modules info file...
debconf: unable to initialize frontend: Dialog
debconf: (TERM is not set, so the dialog frontend is not usable.)
debconf: falling back to frontend: Readline
debconf: unable to initialize frontend: Readline
debconf: (This frontend requires a controlling tty.)
debconf: falling back to frontend: Teletype

Creating config file /etc/perl/XML/SAX/ParserDetails.ini with new version
Setting up libnet-server-perl (2.013-2) ...
Setting up libnet-smtp-ssl-perl (1.04-2) ...
Setting up libmodule-runtime-perl (0.016-2) ...
Setting up libmailtools-perl (2.21-2) ...
Setting up libdist-checkconflicts-perl (0.11-2) ...
Setting up libxml-libxml-perl (2.0207+dfsg+really+2.0134-1+deb12u1) ...
update-perl-sax-parsers: Registering Perl SAX parser XML::LibXML::SAX::Parser with priority 50...
update-perl-sax-parsers: Registering Perl SAX parser XML::LibXML::SAX with priority 50...
update-perl-sax-parsers: Updating overall Perl SAX parser modules info file...
debconf: unable to initialize frontend: Dialog
debconf: (TERM is not set, so the dialog frontend is not usable.)
debconf: falling back to frontend: Readline
debconf: unable to initialize frontend: Readline
debconf: (This frontend requires a controlling tty.)
debconf: falling back to frontend: Teletype
Replacing config file /etc/perl/XML/SAX/ParserDetails.ini with new version
Setting up libhttp-daemon-perl (6.16-1+deb13u1~deb12u1) ...
Setting up libdata-section-perl (0.200008-1) ...
Setting up libhttp-server-simple-perl (0.52-2) ...
Setting up libhttp-server-simple-cgi-prefork-perl (6-3) ...
Setting up g++-12 (12.2.0-14+deb12u1) ...
Setting up python3-pkg-resources (66.1.1-1+deb12u2) ...
Setting up libmime-lite-perl (3.033-1) ...
Setting up libmodule-implementation-perl (0.09-2) ...
Setting up libtest-most-perl (0.38-1) ...
Setting up libcgi-fast-perl (1:2.15-1) ...
Setting up libpackage-stash-perl (0.40-1) ...
Setting up libimport-into-perl (1.002005-2) ...
Setting up libmoo-perl (2.005005-1) ...
Setting up libdata-perl-perl (0.002011-2) ...
Setting up libsoftware-license-perl (0.104002-1) ...
Setting up libspecio-perl (0.48-1) ...
Setting up python3-chardet (5.1.0+dfsg-2) ...
Setting up libparallel-forkmanager-perl (2.02-1) ...
Setting up g++ (4:12.2.0-3) ...
update-alternatives: using /usr/bin/g++ to provide /usr/bin/c++ (c++) in auto mode
Setting up codespell (2.2.2-1) ...
Setting up build-essential (12.9) ...
Setting up libparams-validate-perl:amd64 (1.31-1) ...
Setting up libb-hooks-endofscope-perl (0.26-1) ...
Setting up libmoox-handlesvia-perl (0.001009-2) ...
Setting up libnamespace-clean-perl (0.27-2) ...
Setting up libgetopt-long-descriptive-perl (0.111-1) ...
Setting up libnamespace-autoclean-perl (0.29-2) ...
Setting up libpod-readme-perl (1.2.3-1) ...
Setting up liblog-dispatch-perl (2.70-1) ...
Setting up liblwp-protocol-https-perl (6.10-1) ...
Setting up libwww-perl (6.68-1) ...
Setting up libxml-parser-perl (2.46-4+deb12u1) ...
Setting up libxml-dumper-perl (0.81-1.4) ...
Setting up libxml-sax-expat-perl (0.51-2) ...
update-perl-sax-parsers: Registering Perl SAX parser XML::SAX::Expat with priority 50...
update-perl-sax-parsers: Updating overall Perl SAX parser modules info file...
debconf: unable to initialize frontend: Dialog
debconf: (TERM is not set, so the dialog frontend is not usable.)
debconf: falling back to frontend: Readline
debconf: unable to initialize frontend: Readline
debconf: (This frontend requires a controlling tty.)
debconf: falling back to frontend: Teletype
Replacing config file /etc/perl/XML/SAX/ParserDetails.ini with new version
Processing triggers for libc-bin (2.36-9+deb12u14) ...
Processing triggers for ca-certificates (20250419~deb12u1) ...
Updating certificates in /etc/ssl/certs...
0 added, 0 removed; done.
Running hooks in /etc/ca-certificates/update.d...
done.
--> 338bf176695a
STEP 3/7: WORKDIR /app
--> 8a33c5a817f3
STEP 4/7: COPY . .
--> b13c18fa0891
STEP 5/7: RUN perl Build.PL --install_base /app/sandbox && ./Build install
Checking prerequisites...
  test_requires:
    !  Devel::Confess is not installed
    !  Directory::Scratch is not installed
    !  File::ReadBackwards is not installed
    !  Net::DNS is not installed
    !  Net::IP is not installed
    !  Test::Class is not installed
    !  Test::LongString is not installed
    !  Test::Perl::Critic is not installed

ERRORS/WARNINGS FOUND IN PREREQUISITES.  You may wish to install the versions
of the modules indicated above before proceeding with this installation

Run 'Build installdeps' to install missing prerequisites.

Added to MANIFEST: .codespell.exclude
Added to MANIFEST: .codespell.ignore-words
Added to MANIFEST: .dockerignore
Added to MANIFEST: .flake8
Added to MANIFEST: .gitattributes
Added to MANIFEST: .github/dependabot.yml
Added to MANIFEST: .github/ISSUE_TEMPLATE/bug_report.md
Added to MANIFEST: .github/ISSUE_TEMPLATE/feature_request.md
Added to MANIFEST: .github/workflows/build-n-test.yml
Added to MANIFEST: .perlcriticrc
Added to MANIFEST: .perltidyrc
Added to MANIFEST: .readthedocs.yaml
Added to MANIFEST: Announce-2.0
Added to MANIFEST: authors
Added to MANIFEST: Build.PL
Added to MANIFEST: ChangeLog
Added to MANIFEST: Checklist
Added to MANIFEST: contrib/drop.sql
Added to MANIFEST: contrib/dump_storable
Added to MANIFEST: contrib/epoch2localtime
Added to MANIFEST: contrib/export-palette-to-svg
Added to MANIFEST: contrib/install_rrd.sh
Added to MANIFEST: contrib/munin-node-debug
Added to MANIFEST: contrib/munin-support-info
Added to MANIFEST: contrib/percentile
Added to MANIFEST: contrib/perf/rrd_perf.pl
Added to MANIFEST: contrib/perf/test_weak.pl
Added to MANIFEST: contrib/plugin-gallery/COPYING
Added to MANIFEST: contrib/plugin-gallery/gallery-build.sh
Added to MANIFEST: contrib/plugin-gallery/grep-files.excl
Added to MANIFEST: contrib/plugin-gallery/include-graphs.awk
Added to MANIFEST: contrib/plugin-gallery/INSTALL
Added to MANIFEST: contrib/plugin-gallery/print-gallery.awk
Added to MANIFEST: contrib/plugin-gallery/split-greplist.awk
Added to MANIFEST: contrib/plugin-gallery/static/gallery-cat-footer.html
Added to MANIFEST: contrib/plugin-gallery/static/gallery-cat-header.html
Added to MANIFEST: contrib/plugin-gallery/static/gallery-footer.html
Added to MANIFEST: contrib/plugin-gallery/static/gallery-header.html
Added to MANIFEST: contrib/plugin-gallery/static/gallery-intro-contrib.html
Added to MANIFEST: contrib/plugin-gallery/static/gallery-intro.html
Added to MANIFEST: contrib/plugin-gallery/static/leer.html
Added to MANIFEST: contrib/plugin-gallery/static/leer.pod
Added to MANIFEST: contrib/plugin-gallery/well-known-categories.incl
Added to MANIFEST: contrib/plugin-gallery/www/static/css/_responsive.scss
Added to MANIFEST: contrib/plugin-gallery/www/static/css/style-doc.css
Added to MANIFEST: contrib/plugin-gallery/www/static/css/style-doc.scss
Added to MANIFEST: contrib/plugin-gallery/www/static/css/style.css
Added to MANIFEST: contrib/plugin-gallery/www/static/css/style.scss
Added to MANIFEST: contrib/plugin-gallery/www/static/img/download.gif
Added to MANIFEST: contrib/plugin-gallery/www/static/img/favicon.ico
Added to MANIFEST: contrib/plugin-gallery/www/static/img/glyphicons-208-remove-2-white.png
Added to MANIFEST: contrib/plugin-gallery/www/static/img/glyphicons-390-new-window-alt-white.png
Added to MANIFEST: contrib/plugin-gallery/www/static/img/logo-h-neg.png
Added to MANIFEST: contrib/plugin-gallery/www/static/img/logo-h-neg.svg
Added to MANIFEST: contrib/plugin-gallery/www/static/js/jquery-3.7.1.min.js
Added to MANIFEST: contrib/plugin-gallery/www/static/js/script.js
Added to MANIFEST: contrib/python-plugin/arp
Added to MANIFEST: contrib/python-plugin/munin.py
Added to MANIFEST: contrib/python-plugin/README
Added to MANIFEST: contrib/python-plugin/setup.py
Added to MANIFEST: contrib/python-plugin/test.py
Added to MANIFEST: contrib/rrdcopy
Added to MANIFEST: contrib/rtbtrace.pl
Added to MANIFEST: CONTRIBUTING.md
Added to MANIFEST: COPYING
Added to MANIFEST: cpanfile
Added to MANIFEST: dev_scripts/all
Added to MANIFEST: dev_scripts/common.sh
Added to MANIFEST: dev_scripts/deps
Added to MANIFEST: dev_scripts/disable_rrdcached
Added to MANIFEST: dev_scripts/disable_taint
Added to MANIFEST: dev_scripts/disable_tls
Added to MANIFEST: dev_scripts/dump_sql
Added to MANIFEST: dev_scripts/empty_db.sql
Added to MANIFEST: dev_scripts/enable_rrdcached
Added to MANIFEST: dev_scripts/enable_tls
Added to MANIFEST: dev_scripts/install
Added to MANIFEST: dev_scripts/nested-munin.conf.sample
Added to MANIFEST: dev_scripts/noop
Added to MANIFEST: dev_scripts/plugin
Added to MANIFEST: dev_scripts/query_munin_node
Added to MANIFEST: dev_scripts/README.md
Added to MANIFEST: dev_scripts/restart_munin-node
Added to MANIFEST: dev_scripts/run
Added to MANIFEST: dev_scripts/run_debug_node
Added to MANIFEST: dev_scripts/start_munin-httpd
Added to MANIFEST: dev_scripts/start_munin-node
Added to MANIFEST: dev_scripts/start_munin-sched
Added to MANIFEST: dev_scripts/start_rrdcached
Added to MANIFEST: dev_scripts/stop_munin-node
Added to MANIFEST: dev_scripts/stop_munin-sched
Added to MANIFEST: dists/README
Added to MANIFEST: doc/advanced/custom-rrd-sizing.rst
Added to MANIFEST: doc/advanced/index.rst
Added to MANIFEST: doc/advanced/network.rst
Added to MANIFEST: doc/advanced/tls-setup.rst
Added to MANIFEST: doc/architecture/api.rst
Added to MANIFEST: doc/architecture/index.rst
Added to MANIFEST: doc/architecture/munin-c.rst
Added to MANIFEST: doc/architecture/protocol.rst
Added to MANIFEST: doc/architecture/syntax.rst
Added to MANIFEST: doc/conf.py
Added to MANIFEST: doc/develop/data_structures.rst
Added to MANIFEST: doc/develop/documenting.rst
Added to MANIFEST: doc/develop/environment.rst
Added to MANIFEST: doc/develop/index.rst
Added to MANIFEST: doc/develop/plugins/advanced-topics.rst
Added to MANIFEST: doc/develop/plugins/graphs/if_eth0-week.png
Added to MANIFEST: doc/develop/plugins/graphs/localhost.localdomain-load-day.png
Added to MANIFEST: doc/develop/plugins/howto-write-plugins.rst
Added to MANIFEST: doc/develop/plugins/howto-write-snmp-plugins.rst
Added to MANIFEST: doc/develop/plugins/index.rst
Added to MANIFEST: doc/develop/plugins/plugin-bcp.rst
Added to MANIFEST: doc/develop/plugins/plugin-concise.rst
Added to MANIFEST: doc/develop/plugins/plugin-gallery.rst
Added to MANIFEST: doc/develop/plugins/requirements-vetted.rst
Added to MANIFEST: doc/develop/tests.rst
Added to MANIFEST: doc/example/graph/aggregate.rst
Added to MANIFEST: doc/example/graph/aggregate/aggregate_current.png
Added to MANIFEST: doc/example/graph/aggregate/aggregate_power.png
Added to MANIFEST: doc/example/graph/aggregate/temperatures-day.png
Added to MANIFEST: doc/example/graph/aggregate/ups-5a_current.png
Added to MANIFEST: doc/example/graph/aggregate/ups-5a_power.png
Added to MANIFEST: doc/example/graph/aggregated-stack.rst
Added to MANIFEST: doc/example/graph/aggregation-combined.rst
Added to MANIFEST: doc/example/graph/graph_args.rst
Added to MANIFEST: doc/example/graph/percent-graph.rst
Added to MANIFEST: doc/example/graph/percent/donald.hjemme.ruberg.no-conntrack_percent-day.png
Added to MANIFEST: doc/example/graph/percent/donald.hjemme.ruberg.no-fw_conntrack-day.png
Added to MANIFEST: doc/example/graph/stack/postfix_mailstats-year.png
Added to MANIFEST: doc/example/graph/stack/total_mailstats-year.png
Added to MANIFEST: doc/example/index.rst
Added to MANIFEST: doc/example/rrdcached/systemd.rst
Added to MANIFEST: doc/example/rrdcached/upstart.rst
Added to MANIFEST: doc/example/service/cron/crontab-generic-munin
Added to MANIFEST: doc/example/service/hpux/munin-node.init
Added to MANIFEST: doc/example/service/hpux/munin-node.rc
Added to MANIFEST: doc/example/service/linux/cron/munin
Added to MANIFEST: doc/example/service/linux/cron/munin-node
Added to MANIFEST: doc/example/service/linux/systemd/munin-httpd.service
Added to MANIFEST: doc/example/service/linux/systemd/munin-node.service
Added to MANIFEST: doc/example/service/linux/upstart/munin-node.conf
Added to MANIFEST: doc/example/service/service.rst
Added to MANIFEST: doc/example/service/solaris/munin-node
Added to MANIFEST: doc/example/service/solaris/munin-node.xml
Added to MANIFEST: doc/example/tips/multimaster.rst
Added to MANIFEST: doc/example/transport/ssh.rst
Added to MANIFEST: doc/example/webserver/apache-cgi.rst
Added to MANIFEST: doc/example/webserver/apache-cron.rst
Added to MANIFEST: doc/example/webserver/apache-proxy.rst
Added to MANIFEST: doc/example/webserver/lighttpd-proxy.rst
Added to MANIFEST: doc/example/webserver/nginx-cron.rst
Added to MANIFEST: doc/example/webserver/nginx-proxy.rst
Added to MANIFEST: doc/howtos/index.rst
Added to MANIFEST: doc/howtos/remove-spikes.rst
Added to MANIFEST: doc/index.rst
Added to MANIFEST: doc/installation/configuration.rst
Added to MANIFEST: doc/installation/index.rst
Added to MANIFEST: doc/installation/install.rst
Added to MANIFEST: doc/installation/prerequisites.rst
Added to MANIFEST: doc/installation/upgrade.rst
Added to MANIFEST: doc/installation/webserver.rst
Added to MANIFEST: doc/master/index.rst
Added to MANIFEST: doc/master/network-protocol.rst
Added to MANIFEST: doc/master/rrdcached.rst
Added to MANIFEST: doc/master/rrdcached_effects.png
Added to MANIFEST: doc/node/async.rst
Added to MANIFEST: doc/node/index.rst
Added to MANIFEST: doc/others/index.rst
Added to MANIFEST: doc/plugin/env.rst
Added to MANIFEST: doc/plugin/index.rst
Added to MANIFEST: doc/plugin/multigraphing.rst
Added to MANIFEST: doc/plugin/protocol-cap.rst
Added to MANIFEST: doc/plugin/protocol-dirtyconfig.rst
Added to MANIFEST: doc/plugin/protocol-multigraph.rst
Added to MANIFEST: doc/plugin/snmp.rst
Added to MANIFEST: doc/plugin/supersampling.rst
Added to MANIFEST: doc/plugin/use.rst
Added to MANIFEST: doc/plugin/writing.rst
Added to MANIFEST: doc/preface/bugreport.rst
Added to MANIFEST: doc/preface/conventions.rst
Added to MANIFEST: doc/preface/index.rst
Added to MANIFEST: doc/preface/moreinfo.rst
Added to MANIFEST: doc/preface/whatis.rst
Added to MANIFEST: doc/reference/directories.rst
Added to MANIFEST: doc/reference/fqn.rst
Added to MANIFEST: doc/reference/graph-category.rst
Added to MANIFEST: doc/reference/history.rst
Added to MANIFEST: doc/reference/index.rst
Added to MANIFEST: doc/reference/munin-async.rst
Added to MANIFEST: doc/reference/munin-asyncd.rst
Added to MANIFEST: doc/reference/munin-cgi-graph.rst
Added to MANIFEST: doc/reference/munin-cgi-html.rst
Added to MANIFEST: doc/reference/munin-check.rst
Added to MANIFEST: doc/reference/munin-cron.rst
Added to MANIFEST: doc/reference/munin-doc.rst
Added to MANIFEST: doc/reference/munin-get.rst
Added to MANIFEST: doc/reference/munin-graph.rst
Added to MANIFEST: doc/reference/munin-html.rst
Added to MANIFEST: doc/reference/munin-httpd.rst
Added to MANIFEST: doc/reference/munin-limits.rst
Added to MANIFEST: doc/reference/munin-node-configure.rst
Added to MANIFEST: doc/reference/munin-node.conf.rst
Added to MANIFEST: doc/reference/munin-node.rst
Added to MANIFEST: doc/reference/munin-run.rst
Added to MANIFEST: doc/reference/munin-update.rst
Added to MANIFEST: doc/reference/munin.conf.rst
Added to MANIFEST: doc/reference/munin.rst
Added to MANIFEST: doc/reference/nomenclature.rst
Added to MANIFEST: doc/reference/plugin.rst
Added to MANIFEST: doc/tutorial/advanced-features.rst
Added to MANIFEST: doc/tutorial/alert.rst
Added to MANIFEST: doc/tutorial/extraordinary-usage.rst
Added to MANIFEST: doc/tutorial/getting-started.rst
Added to MANIFEST: doc/tutorial/index.rst
Added to MANIFEST: doc/tutorial/monitoring-the-unreachable.rst
Added to MANIFEST: doc/tutorial/Munin-Architecture.png
Added to MANIFEST: doc/tutorial/Munin-snmp-via-dumbledore.png
Added to MANIFEST: doc/tutorial/MuninPortForwarding.png
Added to MANIFEST: doc/tutorial/MuninSSHForwarding.png
Added to MANIFEST: doc/tutorial/nagios.rst
Added to MANIFEST: doc/tutorial/snmp.rst
Added to MANIFEST: doc/tutorial/troubleshooting.rst
Added to MANIFEST: doc/tutorial/wildcard-plugins.rst
Added to MANIFEST: docker-compose.yml
Added to MANIFEST: Dockerfile.base
Added to MANIFEST: Dockerfile.dev
Added to MANIFEST: etc/munin-node.conf.PL
Added to MANIFEST: etc/munin.conf.PL
Added to MANIFEST: getversion
Added to MANIFEST: HACKING.pod
Added to MANIFEST: INSTALL.rst
Added to MANIFEST: lib/Munin.pm.PL
Added to MANIFEST: lib/Munin/Common/Config.pm
Added to MANIFEST: lib/Munin/Common/Daemon.pm
Added to MANIFEST: lib/Munin/Common/Defaults.pm.PL
Added to MANIFEST: lib/Munin/Common/Logger.pm
Added to MANIFEST: lib/Munin/Common/SyncDictFile.pm
Added to MANIFEST: lib/Munin/Common/Timeout.pm
Added to MANIFEST: lib/Munin/Common/TLS.pm
Added to MANIFEST: lib/Munin/Common/TLSClient.pm
Added to MANIFEST: lib/Munin/Common/TLSServer.pm
Added to MANIFEST: lib/Munin/Common/Utils.pm
Added to MANIFEST: lib/Munin/Master/Config.pm
Added to MANIFEST: lib/Munin/Master/Graph.pm
Added to MANIFEST: lib/Munin/Master/Group.pm
Added to MANIFEST: lib/Munin/Master/GroupRepository.pm
Added to MANIFEST: lib/Munin/Master/Host.pm
Added to MANIFEST: lib/Munin/Master/HTML.pm
Added to MANIFEST: lib/Munin/Master/Limits.pm
Added to MANIFEST: lib/Munin/Master/Node.pm
Added to MANIFEST: lib/Munin/Master/Static/CGI.pm
Added to MANIFEST: lib/Munin/Master/Static/Graph.pm
Added to MANIFEST: lib/Munin/Master/Static/HTML.pm
Added to MANIFEST: lib/Munin/Master/Update.pm
Added to MANIFEST: lib/Munin/Master/UpdateWorker.pm
Added to MANIFEST: lib/Munin/Master/Utils.pm
Added to MANIFEST: lib/Munin/Master/Worker.pm
Added to MANIFEST: lib/Munin/Node/Config.pm
Added to MANIFEST: lib/Munin/Node/Configure/Debug.pm
Added to MANIFEST: lib/Munin/Node/Configure/History.pm
Added to MANIFEST: lib/Munin/Node/Configure/HostEnumeration.pm
Added to MANIFEST: lib/Munin/Node/Configure/Plugin.pm
Added to MANIFEST: lib/Munin/Node/Configure/PluginList.pm
Added to MANIFEST: lib/Munin/Node/OS.pm
Added to MANIFEST: lib/Munin/Node/Server.pm
Added to MANIFEST: lib/Munin/Node/Service.pm
Added to MANIFEST: lib/Munin/Node/Session.pm
Added to MANIFEST: lib/Munin/Node/SNMPConfig.pm
Added to MANIFEST: lib/Munin/Node/SpoolReader.pm
Added to MANIFEST: lib/Munin/Node/SpoolWriter.pm
Added to MANIFEST: lib/Munin/Node/Utils.pm
Added to MANIFEST: lib/Munin/Plugin.pm
Added to MANIFEST: lib/Munin/Plugin/Framework.pm
Added to MANIFEST: lib/Munin/Plugin/HTTP.pm
Added to MANIFEST: lib/Munin/Plugin/Pgsql.pm
Added to MANIFEST: lib/Munin/Plugin/SNMP.pm
Added to MANIFEST: logo-horizontal-neg.svg
Added to MANIFEST: logo-horizontal.svg
Added to MANIFEST: logo.eps
Added to MANIFEST: logo.png
Added to MANIFEST: logo.svg
Added to MANIFEST: Makefile.config
Added to MANIFEST: Makefile.javaplugin
Added to MANIFEST: MANIFEST
Added to MANIFEST: out/build.log
Added to MANIFEST: PLAN-3.0.md
Added to MANIFEST: plugins/javalib/org/munin/plugin/jmx/AbstractAnnotationGraphsProvider.java
Added to MANIFEST: plugins/javalib/org/munin/plugin/jmx/AbstractGraphsProvider.java
Added to MANIFEST: plugins/javalib/org/munin/plugin/jmx/AbstractMemoryPoolProvider.java
Added to MANIFEST: plugins/javalib/org/munin/plugin/jmx/AbstractMemoryUsageProvider.java
Added to MANIFEST: plugins/javalib/org/munin/plugin/jmx/AbstractMultiGraphsProvider.java
Added to MANIFEST: plugins/javalib/org/munin/plugin/jmx/BasicMBeanConnection.java
Added to MANIFEST: plugins/javalib/org/munin/plugin/jmx/Beans.java
Added to MANIFEST: plugins/javalib/org/munin/plugin/jmx/ClassesLoaded.java
Added to MANIFEST: plugins/javalib/org/munin/plugin/jmx/ClassesLoadedTotal.java
Added to MANIFEST: plugins/javalib/org/munin/plugin/jmx/ClassesUnloaded.java
Added to MANIFEST: plugins/javalib/org/munin/plugin/jmx/CompilationTimeTotal.java
Added to MANIFEST: plugins/javalib/org/munin/plugin/jmx/Config.java
Added to MANIFEST: plugins/javalib/org/munin/plugin/jmx/CurrentThreadCpuTime.java
Added to MANIFEST: plugins/javalib/org/munin/plugin/jmx/CurrentThreadUserTime.java
Added to MANIFEST: plugins/javalib/org/munin/plugin/jmx/GarbageCollectionInfo.java
Added to MANIFEST: plugins/javalib/org/munin/plugin/jmx/GCCount.java
Added to MANIFEST: plugins/javalib/org/munin/plugin/jmx/GCCountGet.java
Added to MANIFEST: plugins/javalib/org/munin/plugin/jmx/GCTime.java
Added to MANIFEST: plugins/javalib/org/munin/plugin/jmx/GCTimeGet.java
Added to MANIFEST: plugins/javalib/org/munin/plugin/jmx/GetMemoryPoolThresholdCount.java
Added to MANIFEST: plugins/javalib/org/munin/plugin/jmx/GetUsageThresholdCount.java
Added to MANIFEST: plugins/javalib/org/munin/plugin/jmx/LegacyPool.java
Added to MANIFEST: plugins/javalib/org/munin/plugin/jmx/MemoryAllocatedHeap.java
Added to MANIFEST: plugins/javalib/org/munin/plugin/jmx/MemoryAllocatedNonHeap.java
Added to MANIFEST: plugins/javalib/org/munin/plugin/jmx/MemoryAllocatedTotal.java
Added to MANIFEST: plugins/javalib/org/munin/plugin/jmx/MemoryEdenPeak.java
Added to MANIFEST: plugins/javalib/org/munin/plugin/jmx/MemoryEdenUsage.java
Added to MANIFEST: plugins/javalib/org/munin/plugin/jmx/MemoryEdenUsagePostGC.java
Added to MANIFEST: plugins/javalib/org/munin/plugin/jmx/MemoryObjectsPending.java
Added to MANIFEST: plugins/javalib/org/munin/plugin/jmx/MemoryPermGenPeak.java
Added to MANIFEST: plugins/javalib/org/munin/plugin/jmx/MemoryPermGenUsage.java
Added to MANIFEST: plugins/javalib/org/munin/plugin/jmx/MemoryPermGenUsagePostGC.java
Added to MANIFEST: plugins/javalib/org/munin/plugin/jmx/MemoryPoolUsageProvider.java
Added to MANIFEST: plugins/javalib/org/munin/plugin/jmx/MemorySurvivorPeak.java
Added to MANIFEST: plugins/javalib/org/munin/plugin/jmx/MemorySurvivorUsage.java
Added to MANIFEST: plugins/javalib/org/munin/plugin/jmx/MemorySurvivorUsagePostGC.java
Added to MANIFEST: plugins/javalib/org/munin/plugin/jmx/MemoryTenuredGenPeak.java
Added to MANIFEST: plugins/javalib/org/munin/plugin/jmx/MemoryTenuredGenUsage.java
Added to MANIFEST: plugins/javalib/org/munin/plugin/jmx/MemoryTenuredGenUsagePostGC.java
Added to MANIFEST: plugins/javalib/org/munin/plugin/jmx/MemorythresholdPostGCCount.java
Added to MANIFEST: plugins/javalib/org/munin/plugin/jmx/MemorythresholdUsageCount.java
Added to MANIFEST: plugins/javalib/org/munin/plugin/jmx/MultigraphAll.java
Added to MANIFEST: plugins/javalib/org/munin/plugin/jmx/MultigraphMemory.java
Added to MANIFEST: plugins/javalib/org/munin/plugin/jmx/MultigraphMisc.java
Added to MANIFEST: plugins/javalib/org/munin/plugin/jmx/MultigraphThreads.java
Added to MANIFEST: plugins/javalib/org/munin/plugin/jmx/PortProbe.java
Added to MANIFEST: plugins/javalib/org/munin/plugin/jmx/ProcessorsAvailable.java
Added to MANIFEST: plugins/javalib/org/munin/plugin/jmx/Threads.java
Added to MANIFEST: plugins/javalib/org/munin/plugin/jmx/ThreadsDaemon.java
Added to MANIFEST: plugins/javalib/org/munin/plugin/jmx/ThreadsDeadlocked.java
Added to MANIFEST: plugins/javalib/org/munin/plugin/jmx/ThreadsHistorical.java
Added to MANIFEST: plugins/javalib/org/munin/plugin/jmx/ThreadsPeak.java
Added to MANIFEST: plugins/javalib/org/munin/plugin/jmx/ThreadsStartedTotal.java
Added to MANIFEST: plugins/javalib/org/munin/plugin/jmx/Uptime.java
Added to MANIFEST: plugins/node.d.aix/cpu
Added to MANIFEST: plugins/node.d.aix/df
Added to MANIFEST: plugins/node.d.aix/iostat
Added to MANIFEST: plugins/node.d.aix/iostat.hd_only
Added to MANIFEST: plugins/node.d.aix/iostat.vp_only
Added to MANIFEST: plugins/node.d.aix/load
Added to MANIFEST: plugins/node.d.aix/memory
Added to MANIFEST: plugins/node.d.aix/netstat
Added to MANIFEST: plugins/node.d.aix/processes
Added to MANIFEST: plugins/node.d.aix/swap
Added to MANIFEST: plugins/node.d.cygwin/df
Added to MANIFEST: plugins/node.d.cygwin/netstat
Added to MANIFEST: plugins/node.d.darwin/df_inode
Added to MANIFEST: plugins/node.d.darwin/if_
Added to MANIFEST: plugins/node.d.darwin/if_err_
Added to MANIFEST: plugins/node.d.darwin/load
Added to MANIFEST: plugins/node.d.darwin/uptime
Added to MANIFEST: plugins/node.d.debug/colour_tester
Added to MANIFEST: plugins/node.d.debug/env
Added to MANIFEST: plugins/node.d.debug/extinfo_tester
Added to MANIFEST: plugins/node.d.debug/id
Added to MANIFEST: plugins/node.d.debug/if
Added to MANIFEST: plugins/node.d.debug/multigraph_complex
Added to MANIFEST: plugins/node.d.debug/multigraph_huge
Added to MANIFEST: plugins/node.d.debug/multigraph_tester
Added to MANIFEST: plugins/node.d.debug/negative_tester
Added to MANIFEST: plugins/node.d.debug/rrdcached
Added to MANIFEST: plugins/node.d.debug/sincos
Added to MANIFEST: plugins/node.d.debug/sum_cdef_tester
Added to MANIFEST: plugins/node.d.debug/tc
Added to MANIFEST: plugins/node.d.debug/test_99_100
Added to MANIFEST: plugins/node.d.debug/testplugin
Added to MANIFEST: plugins/node.d.debug/warning_tester
Added to MANIFEST: plugins/node.d.freebsd/coretemp
Added to MANIFEST: plugins/node.d.freebsd/cpu
Added to MANIFEST: plugins/node.d.freebsd/dev_cpu_
Added to MANIFEST: plugins/node.d.freebsd/df
Added to MANIFEST: plugins/node.d.freebsd/df_inode
Added to MANIFEST: plugins/node.d.freebsd/if_
Added to MANIFEST: plugins/node.d.freebsd/if_errcoll_
Added to MANIFEST: plugins/node.d.freebsd/if_packets_
Added to MANIFEST: plugins/node.d.freebsd/iostat
Added to MANIFEST: plugins/node.d.freebsd/load
Added to MANIFEST: plugins/node.d.freebsd/memory
Added to MANIFEST: plugins/node.d.freebsd/netstat
Added to MANIFEST: plugins/node.d.freebsd/open_files
Added to MANIFEST: plugins/node.d.freebsd/swap
Added to MANIFEST: plugins/node.d.freebsd/systat
Added to MANIFEST: plugins/node.d.freebsd/uptime
Added to MANIFEST: plugins/node.d.freebsd/vmstat
Added to MANIFEST: plugins/node.d.hp-ux/df
Added to MANIFEST: plugins/node.d.hp-ux/df_inode
Added to MANIFEST: plugins/node.d.hp-ux/gp_gbl_mem_util
Added to MANIFEST: plugins/node.d.hp-ux/gp_gbl_mem_util.adv
Added to MANIFEST: plugins/node.d.hp-ux/if_
Added to MANIFEST: plugins/node.d.hp-ux/if_err_
Added to MANIFEST: plugins/node.d.hp-ux/mw_cpu
Added to MANIFEST: plugins/node.d.hp-ux/mw_globalutilization
Added to MANIFEST: plugins/node.d.hp-ux/mw_memory
Added to MANIFEST: plugins/node.d.hp-ux/netstat_rate_tcp_
Added to MANIFEST: plugins/node.d.hp-ux/sar_cpu
Added to MANIFEST: plugins/node.d.java/jmx_
Added to MANIFEST: plugins/node.d.java/jmx_tomcat_dbpools
Added to MANIFEST: plugins/node.d.linux/apt
Added to MANIFEST: plugins/node.d.linux/apt_all
Added to MANIFEST: plugins/node.d.linux/bonding_err_
Added to MANIFEST: plugins/node.d.linux/buddyinfo
Added to MANIFEST: plugins/node.d.linux/cps_
Added to MANIFEST: plugins/node.d.linux/cpuspeed
Added to MANIFEST: plugins/node.d.linux/df
Added to MANIFEST: plugins/node.d.linux/df_abs
Added to MANIFEST: plugins/node.d.linux/diskstat_
Added to MANIFEST: plugins/node.d.linux/diskstats
Added to MANIFEST: plugins/node.d.linux/example-graphs/buddyinfo-day.png
Added to MANIFEST: plugins/node.d.linux/example-graphs/buddyinfo-month.png
Added to MANIFEST: plugins/node.d.linux/example-graphs/df-month.png
Added to MANIFEST: plugins/node.d.linux/example-graphs/df_abs-month.png
Added to MANIFEST: plugins/node.d.linux/example-graphs/if_-week.png
Added to MANIFEST: plugins/node.d.linux/example-graphs/iostat-month.png
Added to MANIFEST: plugins/node.d.linux/example-graphs/netstat-week.png
Added to MANIFEST: plugins/node.d.linux/example-graphs/selinux_avcstat-day.png
Added to MANIFEST: plugins/node.d.linux/example-graphs/tcp-day.png
Added to MANIFEST: plugins/node.d.linux/example-graphs/yum-month.png
Added to MANIFEST: plugins/node.d.linux/fw_conntrack
Added to MANIFEST: plugins/node.d.linux/fw_forwarded_local
Added to MANIFEST: plugins/node.d.linux/fw_packets
Added to MANIFEST: plugins/node.d.linux/hwmon
Added to MANIFEST: plugins/node.d.linux/if_
Added to MANIFEST: plugins/node.d.linux/if_err_
Added to MANIFEST: plugins/node.d.linux/iostat
Added to MANIFEST: plugins/node.d.linux/iostat_ios
Added to MANIFEST: plugins/node.d.linux/ip_
Added to MANIFEST: plugins/node.d.linux/irqstats
Added to MANIFEST: plugins/node.d.linux/lpar_cpu
Added to MANIFEST: plugins/node.d.linux/meminfo
Added to MANIFEST: plugins/node.d.linux/memory
Added to MANIFEST: plugins/node.d.linux/netstat
Added to MANIFEST: plugins/node.d.linux/netstat_multi
Added to MANIFEST: plugins/node.d.linux/nfs4_client
Added to MANIFEST: plugins/node.d.linux/nfs_client
Added to MANIFEST: plugins/node.d.linux/nfsd
Added to MANIFEST: plugins/node.d.linux/nfsd4
Added to MANIFEST: plugins/node.d.linux/numa_
Added to MANIFEST: plugins/node.d.linux/port_
Added to MANIFEST: plugins/node.d.linux/proc
Added to MANIFEST: plugins/node.d.linux/proc_pri
Added to MANIFEST: plugins/node.d.linux/procfs
Added to MANIFEST: plugins/node.d.linux/procsys
Added to MANIFEST: plugins/node.d.linux/quota_usage_
Added to MANIFEST: plugins/node.d.linux/selinux_avcstat
Added to MANIFEST: plugins/node.d.linux/tcp
Added to MANIFEST: plugins/node.d.linux/threads
Added to MANIFEST: plugins/node.d.linux/vlan_
Added to MANIFEST: plugins/node.d.linux/vlan_inetuse_
Added to MANIFEST: plugins/node.d.linux/vlan_linkuse_
Added to MANIFEST: plugins/node.d.linux/vserver_cpu_
Added to MANIFEST: plugins/node.d.linux/vserver_loadavg
Added to MANIFEST: plugins/node.d.linux/vserver_resources
Added to MANIFEST: plugins/node.d.linux/yum
Added to MANIFEST: plugins/node.d.netbsd/cpu
Added to MANIFEST: plugins/node.d.netbsd/df
Added to MANIFEST: plugins/node.d.netbsd/df_inode
Added to MANIFEST: plugins/node.d.netbsd/example-graphs/uptime-year.png
Added to MANIFEST: plugins/node.d.netbsd/forks
Added to MANIFEST: plugins/node.d.netbsd/if_
Added to MANIFEST: plugins/node.d.netbsd/if_errcoll_
Added to MANIFEST: plugins/node.d.netbsd/interrupts
Added to MANIFEST: plugins/node.d.netbsd/iostat
Added to MANIFEST: plugins/node.d.netbsd/iostat_ops
Added to MANIFEST: plugins/node.d.netbsd/irqstats
Added to MANIFEST: plugins/node.d.netbsd/load
Added to MANIFEST: plugins/node.d.netbsd/memory
Added to MANIFEST: plugins/node.d.netbsd/memory_pools
Added to MANIFEST: plugins/node.d.netbsd/memory_types
Added to MANIFEST: plugins/node.d.netbsd/nfs_client
Added to MANIFEST: plugins/node.d.netbsd/nfsd
Added to MANIFEST: plugins/node.d.netbsd/open_files
Added to MANIFEST: plugins/node.d.netbsd/sensors_
Added to MANIFEST: plugins/node.d.netbsd/swap
Added to MANIFEST: plugins/node.d.netbsd/uptime
Added to MANIFEST: plugins/node.d.netbsd/vmstat
Added to MANIFEST: plugins/node.d.openbsd/cpu
Added to MANIFEST: plugins/node.d.openbsd/df
Added to MANIFEST: plugins/node.d.openbsd/df_inode
Added to MANIFEST: plugins/node.d.openbsd/if_
Added to MANIFEST: plugins/node.d.openbsd/if_errcoll_
Added to MANIFEST: plugins/node.d.openbsd/load
Added to MANIFEST: plugins/node.d.openbsd/memory
Added to MANIFEST: plugins/node.d.openbsd/netstat
Added to MANIFEST: plugins/node.d.openbsd/open_files
Added to MANIFEST: plugins/node.d.openbsd/swap
Added to MANIFEST: plugins/node.d.openbsd/systat
Added to MANIFEST: plugins/node.d.openbsd/uptime
Added to MANIFEST: plugins/node.d.sunos/cpu
Added to MANIFEST: plugins/node.d.sunos/df
Added to MANIFEST: plugins/node.d.sunos/df_inode
Added to MANIFEST: plugins/node.d.sunos/if_
Added to MANIFEST: plugins/node.d.sunos/if_err_
Added to MANIFEST: plugins/node.d.sunos/io_busy_
Added to MANIFEST: plugins/node.d.sunos/io_bytes_
Added to MANIFEST: plugins/node.d.sunos/io_ops_
Added to MANIFEST: plugins/node.d.sunos/iostat
Added to MANIFEST: plugins/node.d.sunos/load
Added to MANIFEST: plugins/node.d.sunos/memory
Added to MANIFEST: plugins/node.d.sunos/netstat
Added to MANIFEST: plugins/node.d.sunos/paging_in
Added to MANIFEST: plugins/node.d.sunos/paging_out
Added to MANIFEST: plugins/node.d.sunos/temperature
Added to MANIFEST: plugins/node.d.sunos/uptime
Added to MANIFEST: plugins/node.d/amavis
Added to MANIFEST: plugins/node.d/apache
Added to MANIFEST: plugins/node.d/apc_envunit_
Added to MANIFEST: plugins/node.d/apc_nis
Added to MANIFEST: plugins/node.d/asterisk
Added to MANIFEST: plugins/node.d/bind9_rndc
Added to MANIFEST: plugins/node.d/cmc_tc_sensor_
Added to MANIFEST: plugins/node.d/courier_
Added to MANIFEST: plugins/node.d/courier_mta_mailqueue
Added to MANIFEST: plugins/node.d/courier_mta_mailstats
Added to MANIFEST: plugins/node.d/courier_mta_mailvolume
Added to MANIFEST: plugins/node.d/cupsys_pages
Added to MANIFEST: plugins/node.d/df
Added to MANIFEST: plugins/node.d/df_inode
Added to MANIFEST: plugins/node.d/dhcpd3
Added to MANIFEST: plugins/node.d/digitemp_
Added to MANIFEST: plugins/node.d/ejabberd_
Added to MANIFEST: plugins/node.d/example-graphs/amavis-week.png
Added to MANIFEST: plugins/node.d/example-graphs/hddtemp_smartctl-month.png
Added to MANIFEST: plugins/node.d/example-graphs/hddtemp_smartctl-year.png
Added to MANIFEST: plugins/node.d/example-graphs/munin_update-week.png
Added to MANIFEST: plugins/node.d/example-graphs/nginx_request-week.png
Added to MANIFEST: plugins/node.d/example-graphs/nginx_status-week.png
Added to MANIFEST: plugins/node.d/example-graphs/ntp_kernel_err-week.png
Added to MANIFEST: plugins/node.d/example-graphs/ntp_kernel_pll_off-day.png
Added to MANIFEST: plugins/node.d/example-graphs/ntp_offset-day.png
Added to MANIFEST: plugins/node.d/example-graphs/postfix_mailqueue-month.png
Added to MANIFEST: plugins/node.d/example-graphs/postfix_mailstats-week.png
Added to MANIFEST: plugins/node.d/example-graphs/postfix_mailvolume-month.png
Added to MANIFEST: plugins/node.d/example-graphs/smart_-day.png
Added to MANIFEST: plugins/node.d/exim_mailqueue
Added to MANIFEST: plugins/node.d/exim_mailqueue_alt
Added to MANIFEST: plugins/node.d/exim_mailstats
Added to MANIFEST: plugins/node.d/external_
Added to MANIFEST: plugins/node.d/fail2ban
Added to MANIFEST: plugins/node.d/foldingathome
Added to MANIFEST: plugins/node.d/foldingathome_rank
Added to MANIFEST: plugins/node.d/foldingathome_wu
Added to MANIFEST: plugins/node.d/freeradius_acct
Added to MANIFEST: plugins/node.d/freeradius_auth
Added to MANIFEST: plugins/node.d/freeradius_proxy_acct
Added to MANIFEST: plugins/node.d/freeradius_proxy_auth
Added to MANIFEST: plugins/node.d/haproxy_
Added to MANIFEST: plugins/node.d/haproxy_ng
Added to MANIFEST: plugins/node.d/hddtemp
Added to MANIFEST: plugins/node.d/hddtemp2
Added to MANIFEST: plugins/node.d/hddtemp_smartctl
Added to MANIFEST: plugins/node.d/hddtempd
Added to MANIFEST: plugins/node.d/hp2000_
Added to MANIFEST: plugins/node.d/http_loadtime
Added to MANIFEST: plugins/node.d/ifx_concurrent_sessions_
Added to MANIFEST: plugins/node.d/ipac-ng
Added to MANIFEST: plugins/node.d/ipmi_
Added to MANIFEST: plugins/node.d/ipmi_sensor_
Added to MANIFEST: plugins/node.d/ircu
Added to MANIFEST: plugins/node.d/jenkins_builds_and_jobs
Added to MANIFEST: plugins/node.d/loggrep
Added to MANIFEST: plugins/node.d/lpstat
Added to MANIFEST: plugins/node.d/mailman
Added to MANIFEST: plugins/node.d/mailscanner
Added to MANIFEST: plugins/node.d/mbmon_
Added to MANIFEST: plugins/node.d/memcached_
Added to MANIFEST: plugins/node.d/mhttping
Added to MANIFEST: plugins/node.d/multiping
Added to MANIFEST: plugins/node.d/multips
Added to MANIFEST: plugins/node.d/multips_memory
Added to MANIFEST: plugins/node.d/munin_stats
Added to MANIFEST: plugins/node.d/munin_update
Added to MANIFEST: plugins/node.d/mysql_
Added to MANIFEST: plugins/node.d/named
Added to MANIFEST: plugins/node.d/netopia
Added to MANIFEST: plugins/node.d/netstat
Added to MANIFEST: plugins/node.d/nginx_request
Added to MANIFEST: plugins/node.d/nginx_status
Added to MANIFEST: plugins/node.d/nomadix_users_
Added to MANIFEST: plugins/node.d/ntp_
Added to MANIFEST: plugins/node.d/ntp_kernel_err
Added to MANIFEST: plugins/node.d/ntp_kernel_pll_freq
Added to MANIFEST: plugins/node.d/ntp_kernel_pll_off
Added to MANIFEST: plugins/node.d/ntp_offset
Added to MANIFEST: plugins/node.d/ntp_states
Added to MANIFEST: plugins/node.d/nut_misc
Added to MANIFEST: plugins/node.d/nut_volts
Added to MANIFEST: plugins/node.d/nutups_
Added to MANIFEST: plugins/node.d/nvidia_
Added to MANIFEST: plugins/node.d/openvpn
Added to MANIFEST: plugins/node.d/perdition
Added to MANIFEST: plugins/node.d/pgbouncer_connections
Added to MANIFEST: plugins/node.d/pgbouncer_requests
Added to MANIFEST: plugins/node.d/ping_
Added to MANIFEST: plugins/node.d/pm3users_
Added to MANIFEST: plugins/node.d/pop_stats
Added to MANIFEST: plugins/node.d/postfix_mailqueue
Added to MANIFEST: plugins/node.d/postfix_mailstats
Added to MANIFEST: plugins/node.d/postfix_mailvolume
Added to MANIFEST: plugins/node.d/postgres_autovacuum
Added to MANIFEST: plugins/node.d/postgres_bgwriter
Added to MANIFEST: plugins/node.d/postgres_cache_
Added to MANIFEST: plugins/node.d/postgres_checkpoints
Added to MANIFEST: plugins/node.d/postgres_checksums
Added to MANIFEST: plugins/node.d/postgres_connections_
Added to MANIFEST: plugins/node.d/postgres_connections_db
Added to MANIFEST: plugins/node.d/postgres_locks_
Added to MANIFEST: plugins/node.d/postgres_oldest_prepared_xact_
Added to MANIFEST: plugins/node.d/postgres_prepared_xacts_
Added to MANIFEST: plugins/node.d/postgres_querylength_
Added to MANIFEST: plugins/node.d/postgres_scans_
Added to MANIFEST: plugins/node.d/postgres_size_
Added to MANIFEST: plugins/node.d/postgres_streaming_
Added to MANIFEST: plugins/node.d/postgres_transactions_
Added to MANIFEST: plugins/node.d/postgres_tuples_
Added to MANIFEST: plugins/node.d/postgres_users
Added to MANIFEST: plugins/node.d/postgres_xlog
Added to MANIFEST: plugins/node.d/processes
Added to MANIFEST: plugins/node.d/proxy_plugin
Added to MANIFEST: plugins/node.d/ps_
Added to MANIFEST: plugins/node.d/psu_
Added to MANIFEST: plugins/node.d/qmailqstat
Added to MANIFEST: plugins/node.d/qmailscan
Added to MANIFEST: plugins/node.d/qmailscan-simple
Added to MANIFEST: plugins/node.d/samba
Added to MANIFEST: plugins/node.d/sendmail_mailqueue
Added to MANIFEST: plugins/node.d/sendmail_mailstats
Added to MANIFEST: plugins/node.d/sendmail_mailtraffic
Added to MANIFEST: plugins/node.d/slapd_
Added to MANIFEST: plugins/node.d/slapd_bdb_cache_
Added to MANIFEST: plugins/node.d/slony_lag_
Added to MANIFEST: plugins/node.d/smart_
Added to MANIFEST: plugins/node.d/snmp__apc_ups
Added to MANIFEST: plugins/node.d/snmp__cpuload
Added to MANIFEST: plugins/node.d/snmp__df
Added to MANIFEST: plugins/node.d/snmp__df_ram
Added to MANIFEST: plugins/node.d/snmp__eltek_rectifier
Added to MANIFEST: plugins/node.d/snmp__fc_if_
Added to MANIFEST: plugins/node.d/snmp__fc_if_err_
Added to MANIFEST: plugins/node.d/snmp__if_
Added to MANIFEST: plugins/node.d/snmp__if_err_
Added to MANIFEST: plugins/node.d/snmp__if_multi
Added to MANIFEST: plugins/node.d/snmp__load
Added to MANIFEST: plugins/node.d/snmp__memory
Added to MANIFEST: plugins/node.d/snmp__netapp_diskusage_
Added to MANIFEST: plugins/node.d/snmp__netapp_inodeusage_
Added to MANIFEST: plugins/node.d/snmp__netstat
Added to MANIFEST: plugins/node.d/snmp__print_pages
Added to MANIFEST: plugins/node.d/snmp__print_supplies
Added to MANIFEST: plugins/node.d/snmp__processes
Added to MANIFEST: plugins/node.d/snmp__rdp_users
Added to MANIFEST: plugins/node.d/snmp__sensors_fsc_bx_fan
Added to MANIFEST: plugins/node.d/snmp__sensors_fsc_bx_temp
Added to MANIFEST: plugins/node.d/snmp__sensors_fsc_fan
Added to MANIFEST: plugins/node.d/snmp__sensors_fsc_temp
Added to MANIFEST: plugins/node.d/snmp__sensors_mbm_fan
Added to MANIFEST: plugins/node.d/snmp__sensors_mbm_temp
Added to MANIFEST: plugins/node.d/snmp__sensors_mbm_volt
Added to MANIFEST: plugins/node.d/snmp__swap
Added to MANIFEST: plugins/node.d/snmp__uptime
Added to MANIFEST: plugins/node.d/snmp__users
Added to MANIFEST: plugins/node.d/snmp__winload
Added to MANIFEST: plugins/node.d/snmp__winmem
Added to MANIFEST: plugins/node.d/snort_alerts
Added to MANIFEST: plugins/node.d/snort_bytes_pkt
Added to MANIFEST: plugins/node.d/snort_drop_rate
Added to MANIFEST: plugins/node.d/snort_pattern_match
Added to MANIFEST: plugins/node.d/snort_pkts
Added to MANIFEST: plugins/node.d/snort_traffic
Added to MANIFEST: plugins/node.d/spamstats
Added to MANIFEST: plugins/node.d/squeezebox_
Added to MANIFEST: plugins/node.d/squid
Added to MANIFEST: plugins/node.d/surfboard
Added to MANIFEST: plugins/node.d/tomcat_
Added to MANIFEST: plugins/node.d/tomcat_access
Added to MANIFEST: plugins/node.d/tomcat_jvm
Added to MANIFEST: plugins/node.d/tomcat_threads
Added to MANIFEST: plugins/node.d/tomcat_volume
Added to MANIFEST: plugins/node.d/users
Added to MANIFEST: plugins/node.d/varnish_
Added to MANIFEST: plugins/node.d/vmstat
Added to MANIFEST: plugins/node.d/zimbra_
Added to MANIFEST: plugins/plugin.sh
Added to MANIFEST: plugins/plugins.history
Added to MANIFEST: README.build-refactoring
Added to MANIFEST: README.HP-UX
Added to MANIFEST: README.OSX
Added to MANIFEST: README.rst
Added to MANIFEST: script/munin-async
Added to MANIFEST: script/munin-asyncd
Added to MANIFEST: script/munin-check
Added to MANIFEST: script/munin-cron.PL
Added to MANIFEST: script/munin-doc
Added to MANIFEST: script/munin-get
Added to MANIFEST: script/munin-graph
Added to MANIFEST: script/munin-html
Added to MANIFEST: script/munin-httpd
Added to MANIFEST: script/munin-limits
Added to MANIFEST: script/munin-node
Added to MANIFEST: script/munin-node-configure
Added to MANIFEST: script/munin-run
Added to MANIFEST: script/munin-update
Added to MANIFEST: t/config/munin-node.conf
Added to MANIFEST: t/config/munin.conf
Added to MANIFEST: t/config/plugin-conf.d/a_good_one.conf
Added to MANIFEST: t/config/plugin-conf.d/clutter_before_section.conf
Added to MANIFEST: t/config/plugin-conf.d/wildcards.conf
Added to MANIFEST: t/lib/Munin/Common/Defaults/Tests.pm
Added to MANIFEST: t/lib/Munin/Node/Session/Tests.pm
Added to MANIFEST: t/lib/Munin/Tests.pm
Added to MANIFEST: t/munin_common_config.t
Added to MANIFEST: t/munin_master_graph.t
Added to MANIFEST: t/munin_master_html.t
Added to MANIFEST: t/munin_master_httpd_graph.t
Added to MANIFEST: t/munin_master_httpd_html.t
Added to MANIFEST: t/munin_master_limits.t
Added to MANIFEST: t/munin_master_update.t
Added to MANIFEST: t/munin_master_update_spoolfetch.t
Added to MANIFEST: t/munin_master_update_worker.t
Added to MANIFEST: t/sample_data/acme.com/testing.acme.com-geirrod-balmung-g.rrd
Added to MANIFEST: t/sample_data/acme.com/testing.acme.com-geirrod-balmung1-g.rrd
Added to MANIFEST: t/sample_data/acme.com/testing.acme.com-geirrod-gungnir-d.rrd
Added to MANIFEST: t/sample_data/acme.com/testing.acme.com-geirrod-gungnir1-d.rrd
Added to MANIFEST: t/sample_data/acme.com/testing.acme.com-geirrod-mjollnir-a.rrd
Added to MANIFEST: t/sample_data/acme.com/testing.acme.com-geirrod1-balmung-g.rrd
Added to MANIFEST: t/sample_data/acme.com/testing.acme.com-geirrod1-balmung1-g.rrd
Added to MANIFEST: t/sample_data/acme.com/testing.acme.com-geirrod1-gungnir-d.rrd
Added to MANIFEST: t/sample_data/acme.com/testing.acme.com-geirrod1-gungnir1-d.rrd
Added to MANIFEST: t/sample_data/acme.com/testing.acme.com-geirrod1-mjollnir-a.rrd
Added to MANIFEST: t/sample_data/acme.com/testing.acme.com-geirrod2-balmung-g.rrd
Added to MANIFEST: t/sample_data/acme.com/testing.acme.com-geirrod2-balmung1-g.rrd
Added to MANIFEST: t/sample_data/acme.com/testing.acme.com-geirrod2-gungnir-d.rrd
Added to MANIFEST: t/sample_data/acme.com/testing.acme.com-geirrod2-gungnir1-d.rrd
Added to MANIFEST: t/sample_data/acme.com/testing.acme.com-geirrod2-mjollnir-a.rrd
Added to MANIFEST: t/sample_data/acme.com/testing.acme.com-geirrod3-balmung-g.rrd
Added to MANIFEST: t/sample_data/acme.com/testing.acme.com-geirrod3-balmung1-g.rrd
Added to MANIFEST: t/sample_data/acme.com/testing.acme.com-geirrod3-gungnir-d.rrd
Added to MANIFEST: t/sample_data/acme.com/testing.acme.com-geirrod3-gungnir1-d.rrd
Added to MANIFEST: t/sample_data/acme.com/testing.acme.com-geirrod3-mjollnir-a.rrd
Added to MANIFEST: t/sample_data/acme.com/testing.acme.com-gerd-balmung-d.rrd
Added to MANIFEST: t/sample_data/acme.com/testing.acme.com-gerd-balmung1-d.rrd
Added to MANIFEST: t/sample_data/acme.com/testing.acme.com-gerd-gungnir-a.rrd
Added to MANIFEST: t/sample_data/acme.com/testing.acme.com-gerd-gungnir1-a.rrd
Added to MANIFEST: t/sample_data/acme.com/testing.acme.com-gerd-mjollnir-g.rrd
Added to MANIFEST: t/sample_data/acme.com/testing.acme.com-gerd1-balmung-d.rrd
Added to MANIFEST: t/sample_data/acme.com/testing.acme.com-gerd1-balmung1-d.rrd
Added to MANIFEST: t/sample_data/acme.com/testing.acme.com-gerd1-gungnir-a.rrd
Added to MANIFEST: t/sample_data/acme.com/testing.acme.com-gerd1-gungnir1-a.rrd
Added to MANIFEST: t/sample_data/acme.com/testing.acme.com-gerd1-mjollnir-g.rrd
Added to MANIFEST: t/sample_data/acme.com/testing.acme.com-gerd2-balmung-d.rrd
Added to MANIFEST: t/sample_data/acme.com/testing.acme.com-gerd2-balmung1-d.rrd
Added to MANIFEST: t/sample_data/acme.com/testing.acme.com-gerd2-gungnir-a.rrd
Added to MANIFEST: t/sample_data/acme.com/testing.acme.com-gerd2-gungnir1-a.rrd
Added to MANIFEST: t/sample_data/acme.com/testing.acme.com-gerd2-mjollnir-g.rrd
Added to MANIFEST: t/sample_data/acme.com/testing.acme.com-gerd3-balmung-d.rrd
Added to MANIFEST: t/sample_data/acme.com/testing.acme.com-gerd3-balmung1-d.rrd
Added to MANIFEST: t/sample_data/acme.com/testing.acme.com-gerd3-gungnir-a.rrd
Added to MANIFEST: t/sample_data/acme.com/testing.acme.com-gerd3-gungnir1-a.rrd
Added to MANIFEST: t/sample_data/acme.com/testing.acme.com-gerd3-mjollnir-g.rrd
Added to MANIFEST: t/sample_data/acme.com/testing.acme.com-hymir-balmung-a.rrd
Added to MANIFEST: t/sample_data/acme.com/testing.acme.com-hymir-balmung1-a.rrd
Added to MANIFEST: t/sample_data/acme.com/testing.acme.com-hymir-gungnir-g.rrd
Added to MANIFEST: t/sample_data/acme.com/testing.acme.com-hymir-gungnir1-g.rrd
Added to MANIFEST: t/sample_data/acme.com/testing.acme.com-hymir-mjollnir-d.rrd
Added to MANIFEST: t/sample_data/acme.com/testing.acme.com-hymir1-balmung-a.rrd
Added to MANIFEST: t/sample_data/acme.com/testing.acme.com-hymir1-balmung1-a.rrd
Added to MANIFEST: t/sample_data/acme.com/testing.acme.com-hymir1-gungnir-g.rrd
Added to MANIFEST: t/sample_data/acme.com/testing.acme.com-hymir1-gungnir1-g.rrd
Added to MANIFEST: t/sample_data/acme.com/testing.acme.com-hymir1-mjollnir-d.rrd
Added to MANIFEST: t/sample_data/acme.com/testing.acme.com-hymir2-balmung-a.rrd
Added to MANIFEST: t/sample_data/acme.com/testing.acme.com-hymir2-balmung1-a.rrd
Added to MANIFEST: t/sample_data/acme.com/testing.acme.com-hymir2-gungnir-g.rrd
Added to MANIFEST: t/sample_data/acme.com/testing.acme.com-hymir2-gungnir1-g.rrd
Added to MANIFEST: t/sample_data/acme.com/testing.acme.com-hymir2-mjollnir-d.rrd
Added to MANIFEST: t/sample_data/acme.com/testing.acme.com-hymir3-balmung-a.rrd
Added to MANIFEST: t/sample_data/acme.com/testing.acme.com-hymir3-balmung1-a.rrd
Added to MANIFEST: t/sample_data/acme.com/testing.acme.com-hymir3-gungnir-g.rrd
Added to MANIFEST: t/sample_data/acme.com/testing.acme.com-hymir3-gungnir1-g.rrd
Added to MANIFEST: t/sample_data/acme.com/testing.acme.com-hymir3-mjollnir-d.rrd
Added to MANIFEST: t/sample_data/acme.com/testing.acme.com-jormungand-balmung-g.rrd
Added to MANIFEST: t/sample_data/acme.com/testing.acme.com-jormungand-balmung1-g.rrd
Added to MANIFEST: t/sample_data/acme.com/testing.acme.com-jormungand-gungnir-d.rrd
Added to MANIFEST: t/sample_data/acme.com/testing.acme.com-jormungand-gungnir1-d.rrd
Added to MANIFEST: t/sample_data/acme.com/testing.acme.com-jormungand-mjollnir-a.rrd
Added to MANIFEST: t/sample_data/acme.com/testing.acme.com-jormungand1-balmung-g.rrd
Added to MANIFEST: t/sample_data/acme.com/testing.acme.com-jormungand1-balmung1-g.rrd
Added to MANIFEST: t/sample_data/acme.com/testing.acme.com-jormungand1-gungnir-d.rrd
Added to MANIFEST: t/sample_data/acme.com/testing.acme.com-jormungand1-gungnir1-d.rrd
Added to MANIFEST: t/sample_data/acme.com/testing.acme.com-jormungand1-mjollnir-a.rrd
Added to MANIFEST: t/sample_data/acme.com/testing.acme.com-jormungand2-balmung-g.rrd
Added to MANIFEST: t/sample_data/acme.com/testing.acme.com-jormungand2-balmung1-g.rrd
Added to MANIFEST: t/sample_data/acme.com/testing.acme.com-jormungand2-gungnir-d.rrd
Added to MANIFEST: t/sample_data/acme.com/testing.acme.com-jormungand2-gungnir1-d.rrd
Added to MANIFEST: t/sample_data/acme.com/testing.acme.com-jormungand2-mjollnir-a.rrd
Added to MANIFEST: t/sample_data/acme.com/testing.acme.com-load-balmung-d.rrd
Added to MANIFEST: t/sample_data/acme.com/testing.acme.com-load-balmung1-d.rrd
Added to MANIFEST: t/sample_data/acme.com/testing.acme.com-load-gungnir-a.rrd
Added to MANIFEST: t/sample_data/acme.com/testing.acme.com-load-gungnir1-a.rrd
Added to MANIFEST: t/sample_data/acme.com/testing.acme.com-load-mjollnir-g.rrd
Added to MANIFEST: t/sample_data/acme.com/testing.acme.com-load1-balmung-d.rrd
Added to MANIFEST: t/sample_data/acme.com/testing.acme.com-load1-balmung1-d.rrd
Added to MANIFEST: t/sample_data/acme.com/testing.acme.com-load1-gungnir-a.rrd
Added to MANIFEST: t/sample_data/acme.com/testing.acme.com-load1-gungnir1-a.rrd
Added to MANIFEST: t/sample_data/acme.com/testing.acme.com-load1-mjollnir-g.rrd
Added to MANIFEST: t/sample_data/acme.com/testing.acme.com-load2-balmung-d.rrd
Added to MANIFEST: t/sample_data/acme.com/testing.acme.com-load2-balmung1-d.rrd
Added to MANIFEST: t/sample_data/acme.com/testing.acme.com-load2-gungnir-a.rrd
Added to MANIFEST: t/sample_data/acme.com/testing.acme.com-load2-gungnir1-a.rrd
Added to MANIFEST: t/sample_data/acme.com/testing.acme.com-load2-mjollnir-g.rrd
Added to MANIFEST: t/sample_data/acme.com/testing.acme.com-mjollnir-balmung-a.rrd
Added to MANIFEST: t/sample_data/acme.com/testing.acme.com-mjollnir-balmung1-a.rrd
Added to MANIFEST: t/sample_data/acme.com/testing.acme.com-mjollnir-gungnir-g.rrd
Added to MANIFEST: t/sample_data/acme.com/testing.acme.com-mjollnir-gungnir1-g.rrd
Added to MANIFEST: t/sample_data/acme.com/testing.acme.com-mjollnir-mjollnir-d.rrd
Added to MANIFEST: t/sample_data/acme.com/testing.acme.com-mjollnir1-balmung-a.rrd
Added to MANIFEST: t/sample_data/acme.com/testing.acme.com-mjollnir1-balmung1-a.rrd
Added to MANIFEST: t/sample_data/acme.com/testing.acme.com-mjollnir1-gungnir-g.rrd
Added to MANIFEST: t/sample_data/acme.com/testing.acme.com-mjollnir1-gungnir1-g.rrd
Added to MANIFEST: t/sample_data/acme.com/testing.acme.com-mjollnir1-mjollnir-d.rrd
Added to MANIFEST: t/sample_data/acme.com/testing.acme.com-mjollnir2-balmung-a.rrd
Added to MANIFEST: t/sample_data/acme.com/testing.acme.com-mjollnir2-balmung1-a.rrd
Added to MANIFEST: t/sample_data/acme.com/testing.acme.com-mjollnir2-gungnir-g.rrd
Added to MANIFEST: t/sample_data/acme.com/testing.acme.com-mjollnir2-gungnir1-g.rrd
Added to MANIFEST: t/sample_data/acme.com/testing.acme.com-mjollnir2-mjollnir-d.rrd
Added to MANIFEST: t/sample_data/acme.com/testing.acme.com-surt-balmung-g.rrd
Added to MANIFEST: t/sample_data/acme.com/testing.acme.com-surt-balmung1-g.rrd
Added to MANIFEST: t/sample_data/acme.com/testing.acme.com-surt-gungnir-d.rrd
Added to MANIFEST: t/sample_data/acme.com/testing.acme.com-surt-gungnir1-d.rrd
Added to MANIFEST: t/sample_data/acme.com/testing.acme.com-surt-mjollnir-a.rrd
Added to MANIFEST: t/sample_data/acme.com/testing.acme.com-surt1-balmung-g.rrd
Added to MANIFEST: t/sample_data/acme.com/testing.acme.com-surt1-balmung1-g.rrd
Added to MANIFEST: t/sample_data/acme.com/testing.acme.com-surt1-gungnir-d.rrd
Added to MANIFEST: t/sample_data/acme.com/testing.acme.com-surt1-gungnir1-d.rrd
Added to MANIFEST: t/sample_data/acme.com/testing.acme.com-surt1-mjollnir-a.rrd
Added to MANIFEST: t/sample_data/acme.com/testing.acme.com-surt2-balmung-g.rrd
Added to MANIFEST: t/sample_data/acme.com/testing.acme.com-surt2-balmung1-g.rrd
Added to MANIFEST: t/sample_data/acme.com/testing.acme.com-surt2-gungnir-d.rrd
Added to MANIFEST: t/sample_data/acme.com/testing.acme.com-surt2-gungnir1-d.rrd
Added to MANIFEST: t/sample_data/acme.com/testing.acme.com-surt2-mjollnir-a.rrd
Added to MANIFEST: t/sample_data/acme.com/testing.acme.com-thiazi-balmung-d.rrd
Added to MANIFEST: t/sample_data/acme.com/testing.acme.com-thiazi-balmung1-d.rrd
Added to MANIFEST: t/sample_data/acme.com/testing.acme.com-thiazi-gungnir-a.rrd
Added to MANIFEST: t/sample_data/acme.com/testing.acme.com-thiazi-gungnir1-a.rrd
Added to MANIFEST: t/sample_data/acme.com/testing.acme.com-thiazi-mjollnir-g.rrd
Added to MANIFEST: t/sample_data/acme.com/testing.acme.com-thiazi1-balmung-d.rrd
Added to MANIFEST: t/sample_data/acme.com/testing.acme.com-thiazi1-balmung1-d.rrd
Added to MANIFEST: t/sample_data/acme.com/testing.acme.com-thiazi1-gungnir-a.rrd
Added to MANIFEST: t/sample_data/acme.com/testing.acme.com-thiazi1-gungnir1-a.rrd
Added to MANIFEST: t/sample_data/acme.com/testing.acme.com-thiazi1-mjollnir-g.rrd
Added to MANIFEST: t/sample_data/acme.com/testing.acme.com-thiazi2-balmung-d.rrd
Added to MANIFEST: t/sample_data/acme.com/testing.acme.com-thiazi2-balmung1-d.rrd
Added to MANIFEST: t/sample_data/acme.com/testing.acme.com-thiazi2-gungnir-a.rrd
Added to MANIFEST: t/sample_data/acme.com/testing.acme.com-thiazi2-gungnir1-a.rrd
Added to MANIFEST: t/sample_data/acme.com/testing.acme.com-thiazi2-mjollnir-g.rrd
Added to MANIFEST: t/sample_data/acme.com/testing.acme.com-ymir-balmung-a.rrd
Added to MANIFEST: t/sample_data/acme.com/testing.acme.com-ymir-balmung1-a.rrd
Added to MANIFEST: t/sample_data/acme.com/testing.acme.com-ymir-gungnir-g.rrd
Added to MANIFEST: t/sample_data/acme.com/testing.acme.com-ymir-gungnir1-g.rrd
Added to MANIFEST: t/sample_data/acme.com/testing.acme.com-ymir-mjollnir-d.rrd
Added to MANIFEST: t/sample_data/acme.com/testing.acme.com-ymir1-balmung-a.rrd
Added to MANIFEST: t/sample_data/acme.com/testing.acme.com-ymir1-balmung1-a.rrd
Added to MANIFEST: t/sample_data/acme.com/testing.acme.com-ymir1-gungnir-g.rrd
Added to MANIFEST: t/sample_data/acme.com/testing.acme.com-ymir1-gungnir1-g.rrd
Added to MANIFEST: t/sample_data/acme.com/testing.acme.com-ymir1-mjollnir-d.rrd
Added to MANIFEST: t/sample_data/acme.com/testing.acme.com-ymir2-balmung-a.rrd
Added to MANIFEST: t/sample_data/acme.com/testing.acme.com-ymir2-balmung1-a.rrd
Added to MANIFEST: t/sample_data/acme.com/testing.acme.com-ymir2-gungnir-g.rrd
Added to MANIFEST: t/sample_data/acme.com/testing.acme.com-ymir2-gungnir1-g.rrd
Added to MANIFEST: t/sample_data/acme.com/testing.acme.com-ymir2-mjollnir-d.rrd
Added to MANIFEST: t/sample_data/aesir/alfheim.aesir/aegir.alfheim.aesir-geirrod-balmung-g.rrd
Added to MANIFEST: t/sample_data/aesir/alfheim.aesir/aegir.alfheim.aesir-geirrod-balmung1-g.rrd
Added to MANIFEST: t/sample_data/aesir/alfheim.aesir/aegir.alfheim.aesir-geirrod-gungnir-d.rrd
Added to MANIFEST: t/sample_data/aesir/alfheim.aesir/aegir.alfheim.aesir-geirrod-gungnir1-d.rrd
Added to MANIFEST: t/sample_data/aesir/alfheim.aesir/aegir.alfheim.aesir-geirrod-mjollnir-a.rrd
Added to MANIFEST: t/sample_data/aesir/alfheim.aesir/aegir.alfheim.aesir-geirrod1-balmung-g.rrd
Added to MANIFEST: t/sample_data/aesir/alfheim.aesir/aegir.alfheim.aesir-geirrod1-balmung1-g.rrd
Added to MANIFEST: t/sample_data/aesir/alfheim.aesir/aegir.alfheim.aesir-geirrod1-gungnir-d.rrd
Added to MANIFEST: t/sample_data/aesir/alfheim.aesir/aegir.alfheim.aesir-geirrod1-gungnir1-d.rrd
Added to MANIFEST: t/sample_data/aesir/alfheim.aesir/aegir.alfheim.aesir-geirrod1-mjollnir-a.rrd
Added to MANIFEST: t/sample_data/aesir/alfheim.aesir/aegir.alfheim.aesir-geirrod2-balmung-g.rrd
Added to MANIFEST: t/sample_data/aesir/alfheim.aesir/aegir.alfheim.aesir-geirrod2-balmung1-g.rrd
Added to MANIFEST: t/sample_data/aesir/alfheim.aesir/aegir.alfheim.aesir-geirrod2-gungnir-d.rrd
Added to MANIFEST: t/sample_data/aesir/alfheim.aesir/aegir.alfheim.aesir-geirrod2-gungnir1-d.rrd
Added to MANIFEST: t/sample_data/aesir/alfheim.aesir/aegir.alfheim.aesir-geirrod2-mjollnir-a.rrd
Added to MANIFEST: t/sample_data/aesir/alfheim.aesir/aegir.alfheim.aesir-geirrod3-balmung-g.rrd
Added to MANIFEST: t/sample_data/aesir/alfheim.aesir/aegir.alfheim.aesir-geirrod3-balmung1-g.rrd
Added to MANIFEST: t/sample_data/aesir/alfheim.aesir/aegir.alfheim.aesir-geirrod3-gungnir-d.rrd
Added to MANIFEST: t/sample_data/aesir/alfheim.aesir/aegir.alfheim.aesir-geirrod3-gungnir1-d.rrd
Added to MANIFEST: t/sample_data/aesir/alfheim.aesir/aegir.alfheim.aesir-geirrod3-mjollnir-a.rrd
Added to MANIFEST: t/sample_data/aesir/alfheim.aesir/aegir.alfheim.aesir-gerd-balmung-d.rrd
Added to MANIFEST: t/sample_data/aesir/alfheim.aesir/aegir.alfheim.aesir-gerd-balmung1-d.rrd
Added to MANIFEST: t/sample_data/aesir/alfheim.aesir/aegir.alfheim.aesir-gerd-gungnir-a.rrd
Added to MANIFEST: t/sample_data/aesir/alfheim.aesir/aegir.alfheim.aesir-gerd-gungnir1-a.rrd
Added to MANIFEST: t/sample_data/aesir/alfheim.aesir/aegir.alfheim.aesir-gerd-mjollnir-g.rrd
Added to MANIFEST: t/sample_data/aesir/alfheim.aesir/aegir.alfheim.aesir-gerd1-balmung-d.rrd
Added to MANIFEST: t/sample_data/aesir/alfheim.aesir/aegir.alfheim.aesir-gerd1-balmung1-d.rrd
Added to MANIFEST: t/sample_data/aesir/alfheim.aesir/aegir.alfheim.aesir-gerd1-gungnir-a.rrd
Added to MANIFEST: t/sample_data/aesir/alfheim.aesir/aegir.alfheim.aesir-gerd1-gungnir1-a.rrd
Added to MANIFEST: t/sample_data/aesir/alfheim.aesir/aegir.alfheim.aesir-gerd1-mjollnir-g.rrd
Added to MANIFEST: t/sample_data/aesir/alfheim.aesir/aegir.alfheim.aesir-gerd2-balmung-d.rrd
Added to MANIFEST: t/sample_data/aesir/alfheim.aesir/aegir.alfheim.aesir-gerd2-balmung1-d.rrd
Added to MANIFEST: t/sample_data/aesir/alfheim.aesir/aegir.alfheim.aesir-gerd2-gungnir-a.rrd
Added to MANIFEST: t/sample_data/aesir/alfheim.aesir/aegir.alfheim.aesir-gerd2-gungnir1-a.rrd
Added to MANIFEST: t/sample_data/aesir/alfheim.aesir/aegir.alfheim.aesir-gerd2-mjollnir-g.rrd
Added to MANIFEST: t/sample_data/aesir/alfheim.aesir/aegir.alfheim.aesir-gerd3-balmung-d.rrd
Added to MANIFEST: t/sample_data/aesir/alfheim.aesir/aegir.alfheim.aesir-gerd3-balmung1-d.rrd
Added to MANIFEST: t/sample_data/aesir/alfheim.aesir/aegir.alfheim.aesir-gerd3-gungnir-a.rrd
Added to MANIFEST: t/sample_data/aesir/alfheim.aesir/aegir.alfheim.aesir-gerd3-gungnir1-a.rrd
Added to MANIFEST: t/sample_data/aesir/alfheim.aesir/aegir.alfheim.aesir-gerd3-mjollnir-g.rrd
Added to MANIFEST: t/sample_data/aesir/alfheim.aesir/aegir.alfheim.aesir-hymir-balmung-a.rrd
Added to MANIFEST: t/sample_data/aesir/alfheim.aesir/aegir.alfheim.aesir-hymir-balmung1-a.rrd
Added to MANIFEST: t/sample_data/aesir/alfheim.aesir/aegir.alfheim.aesir-hymir-gungnir-g.rrd
Added to MANIFEST: t/sample_data/aesir/alfheim.aesir/aegir.alfheim.aesir-hymir-gungnir1-g.rrd
Added to MANIFEST: t/sample_data/aesir/alfheim.aesir/aegir.alfheim.aesir-hymir-mjollnir-d.rrd
Added to MANIFEST: t/sample_data/aesir/alfheim.aesir/aegir.alfheim.aesir-hymir1-balmung-a.rrd
Added to MANIFEST: t/sample_data/aesir/alfheim.aesir/aegir.alfheim.aesir-hymir1-balmung1-a.rrd
Added to MANIFEST: t/sample_data/aesir/alfheim.aesir/aegir.alfheim.aesir-hymir1-gungnir-g.rrd
Added to MANIFEST: t/sample_data/aesir/alfheim.aesir/aegir.alfheim.aesir-hymir1-gungnir1-g.rrd
Added to MANIFEST: t/sample_data/aesir/alfheim.aesir/aegir.alfheim.aesir-hymir1-mjollnir-d.rrd
Added to MANIFEST: t/sample_data/aesir/alfheim.aesir/aegir.alfheim.aesir-hymir2-balmung-a.rrd
Added to MANIFEST: t/sample_data/aesir/alfheim.aesir/aegir.alfheim.aesir-hymir2-balmung1-a.rrd
Added to MANIFEST: t/sample_data/aesir/alfheim.aesir/aegir.alfheim.aesir-hymir2-gungnir-g.rrd
Added to MANIFEST: t/sample_data/aesir/alfheim.aesir/aegir.alfheim.aesir-hymir2-gungnir1-g.rrd
Added to MANIFEST: t/sample_data/aesir/alfheim.aesir/aegir.alfheim.aesir-hymir2-mjollnir-d.rrd
Added to MANIFEST: t/sample_data/aesir/alfheim.aesir/aegir.alfheim.aesir-hymir3-balmung-a.rrd
Added to MANIFEST: t/sample_data/aesir/alfheim.aesir/aegir.alfheim.aesir-hymir3-balmung1-a.rrd
Added to MANIFEST: t/sample_data/aesir/alfheim.aesir/aegir.alfheim.aesir-hymir3-gungnir-g.rrd
Added to MANIFEST: t/sample_data/aesir/alfheim.aesir/aegir.alfheim.aesir-hymir3-gungnir1-g.rrd
Added to MANIFEST: t/sample_data/aesir/alfheim.aesir/aegir.alfheim.aesir-hymir3-mjollnir-d.rrd
Added to MANIFEST: t/sample_data/aesir/alfheim.aesir/aegir.alfheim.aesir-jormungand-balmung-g.rrd
Added to MANIFEST: t/sample_data/aesir/alfheim.aesir/aegir.alfheim.aesir-jormungand-balmung1-g.rrd
Added to MANIFEST: t/sample_data/aesir/alfheim.aesir/aegir.alfheim.aesir-jormungand-gungnir-d.rrd
Added to MANIFEST: t/sample_data/aesir/alfheim.aesir/aegir.alfheim.aesir-jormungand-gungnir1-d.rrd
Added to MANIFEST: t/sample_data/aesir/alfheim.aesir/aegir.alfheim.aesir-jormungand-mjollnir-a.rrd
Added to MANIFEST: t/sample_data/aesir/alfheim.aesir/aegir.alfheim.aesir-jormungand1-balmung-g.rrd
Added to MANIFEST: t/sample_data/aesir/alfheim.aesir/aegir.alfheim.aesir-jormungand1-balmung1-g.rrd
Added to MANIFEST: t/sample_data/aesir/alfheim.aesir/aegir.alfheim.aesir-jormungand1-gungnir-d.rrd
Added to MANIFEST: t/sample_data/aesir/alfheim.aesir/aegir.alfheim.aesir-jormungand1-gungnir1-d.rrd
Added to MANIFEST: t/sample_data/aesir/alfheim.aesir/aegir.alfheim.aesir-jormungand1-mjollnir-a.rrd
Added to MANIFEST: t/sample_data/aesir/alfheim.aesir/aegir.alfheim.aesir-jormungand2-balmung-g.rrd
Added to MANIFEST: t/sample_data/aesir/alfheim.aesir/aegir.alfheim.aesir-jormungand2-balmung1-g.rrd
Added to MANIFEST: t/sample_data/aesir/alfheim.aesir/aegir.alfheim.aesir-jormungand2-gungnir-d.rrd
Added to MANIFEST: t/sample_data/aesir/alfheim.aesir/aegir.alfheim.aesir-jormungand2-gungnir1-d.rrd
Added to MANIFEST: t/sample_data/aesir/alfheim.aesir/aegir.alfheim.aesir-jormungand2-mjollnir-a.rrd
Added to MANIFEST: t/sample_data/aesir/alfheim.aesir/aegir.alfheim.aesir-load-balmung-d.rrd
Added to MANIFEST: t/sample_data/aesir/alfheim.aesir/aegir.alfheim.aesir-load-balmung1-d.rrd
Added to MANIFEST: t/sample_data/aesir/alfheim.aesir/aegir.alfheim.aesir-load-gungnir-a.rrd
Added to MANIFEST: t/sample_data/aesir/alfheim.aesir/aegir.alfheim.aesir-load-gungnir1-a.rrd
Added to MANIFEST: t/sample_data/aesir/alfheim.aesir/aegir.alfheim.aesir-load-mjollnir-g.rrd
Added to MANIFEST: t/sample_data/aesir/alfheim.aesir/aegir.alfheim.aesir-load1-balmung-d.rrd
Added to MANIFEST: t/sample_data/aesir/alfheim.aesir/aegir.alfheim.aesir-load1-balmung1-d.rrd
Added to MANIFEST: t/sample_data/aesir/alfheim.aesir/aegir.alfheim.aesir-load1-gungnir-a.rrd
Added to MANIFEST: t/sample_data/aesir/alfheim.aesir/aegir.alfheim.aesir-load1-gungnir1-a.rrd
Added to MANIFEST: t/sample_data/aesir/alfheim.aesir/aegir.alfheim.aesir-load1-mjollnir-g.rrd
Added to MANIFEST: t/sample_data/aesir/alfheim.aesir/aegir.alfheim.aesir-load2-balmung-d.rrd
Added to MANIFEST: t/sample_data/aesir/alfheim.aesir/aegir.alfheim.aesir-load2-balmung1-d.rrd
Added to MANIFEST: t/sample_data/aesir/alfheim.aesir/aegir.alfheim.aesir-load2-gungnir-a.rrd
Added to MANIFEST: t/sample_data/aesir/alfheim.aesir/aegir.alfheim.aesir-load2-gungnir1-a.rrd
Added to MANIFEST: t/sample_data/aesir/alfheim.aesir/aegir.alfheim.aesir-load2-mjollnir-g.rrd
Added to MANIFEST: t/sample_data/aesir/alfheim.aesir/aegir.alfheim.aesir-mjollnir-balmung-a.rrd
Added to MANIFEST: t/sample_data/aesir/alfheim.aesir/aegir.alfheim.aesir-mjollnir-balmung1-a.rrd
Added to MANIFEST: t/sample_data/aesir/alfheim.aesir/aegir.alfheim.aesir-mjollnir-gungnir-g.rrd
Added to MANIFEST: t/sample_data/aesir/alfheim.aesir/aegir.alfheim.aesir-mjollnir-gungnir1-g.rrd
Added to MANIFEST: t/sample_data/aesir/alfheim.aesir/aegir.alfheim.aesir-mjollnir-mjollnir-d.rrd
Added to MANIFEST: t/sample_data/aesir/alfheim.aesir/aegir.alfheim.aesir-mjollnir1-balmung-a.rrd
Added to MANIFEST: t/sample_data/aesir/alfheim.aesir/aegir.alfheim.aesir-mjollnir1-balmung1-a.rrd
Added to MANIFEST: t/sample_data/aesir/alfheim.aesir/aegir.alfheim.aesir-mjollnir1-gungnir-g.rrd
Added to MANIFEST: t/sample_data/aesir/alfheim.aesir/aegir.alfheim.aesir-mjollnir1-gungnir1-g.rrd
Added to MANIFEST: t/sample_data/aesir/alfheim.aesir/aegir.alfheim.aesir-mjollnir1-mjollnir-d.rrd
Added to MANIFEST: t/sample_data/aesir/alfheim.aesir/aegir.alfheim.aesir-mjollnir2-balmung-a.rrd
Added to MANIFEST: t/sample_data/aesir/alfheim.aesir/aegir.alfheim.aesir-mjollnir2-balmung1-a.rrd
Added to MANIFEST: t/sample_data/aesir/alfheim.aesir/aegir.alfheim.aesir-mjollnir2-gungnir-g.rrd
Added to MANIFEST: t/sample_data/aesir/alfheim.aesir/aegir.alfheim.aesir-mjollnir2-gungnir1-g.rrd
Added to MANIFEST: t/sample_data/aesir/alfheim.aesir/aegir.alfheim.aesir-mjollnir2-mjollnir-d.rrd
Added to MANIFEST: t/sample_data/aesir/alfheim.aesir/aegir.alfheim.aesir-surt-balmung-g.rrd
Added to MANIFEST: t/sample_data/aesir/alfheim.aesir/aegir.alfheim.aesir-surt-balmung1-g.rrd
Added to MANIFEST: t/sample_data/aesir/alfheim.aesir/aegir.alfheim.aesir-surt-gungnir-d.rrd
Added to MANIFEST: t/sample_data/aesir/alfheim.aesir/aegir.alfheim.aesir-surt-gungnir1-d.rrd
Added to MANIFEST: t/sample_data/aesir/alfheim.aesir/aegir.alfheim.aesir-surt-mjollnir-a.rrd
Added to MANIFEST: t/sample_data/aesir/alfheim.aesir/aegir.alfheim.aesir-surt1-balmung-g.rrd
Added to MANIFEST: t/sample_data/aesir/alfheim.aesir/aegir.alfheim.aesir-surt1-balmung1-g.rrd
Added to MANIFEST: t/sample_data/aesir/alfheim.aesir/aegir.alfheim.aesir-surt1-gungnir-d.rrd
Added to MANIFEST: t/sample_data/aesir/alfheim.aesir/aegir.alfheim.aesir-surt1-gungnir1-d.rrd
Added to MANIFEST: t/sample_data/aesir/alfheim.aesir/aegir.alfheim.aesir-surt1-mjollnir-a.rrd
Added to MANIFEST: t/sample_data/aesir/alfheim.aesir/aegir.alfheim.aesir-surt2-balmung-g.rrd
Added to MANIFEST: t/sample_data/aesir/alfheim.aesir/aegir.alfheim.aesir-surt2-balmung1-g.rrd
Added to MANIFEST: t/sample_data/aesir/alfheim.aesir/aegir.alfheim.aesir-surt2-gungnir-d.rrd
Added to MANIFEST: t/sample_data/aesir/alfheim.aesir/aegir.alfheim.aesir-surt2-gungnir1-d.rrd
Added to MANIFEST: t/sample_data/aesir/alfheim.aesir/aegir.alfheim.aesir-surt2-mjollnir-a.rrd
Added to MANIFEST: t/sample_data/aesir/alfheim.aesir/aegir.alfheim.aesir-thiazi-balmung-d.rrd
Added to MANIFEST: t/sample_data/aesir/alfheim.aesir/aegir.alfheim.aesir-thiazi-balmung1-d.rrd
Added to MANIFEST: t/sample_data/aesir/alfheim.aesir/aegir.alfheim.aesir-thiazi-gungnir-a.rrd
Added to MANIFEST: t/sample_data/aesir/alfheim.aesir/aegir.alfheim.aesir-thiazi-gungnir1-a.rrd
Added to MANIFEST: t/sample_data/aesir/alfheim.aesir/aegir.alfheim.aesir-thiazi-mjollnir-g.rrd
Added to MANIFEST: t/sample_data/aesir/alfheim.aesir/aegir.alfheim.aesir-thiazi1-balmung-d.rrd
Added to MANIFEST: t/sample_data/aesir/alfheim.aesir/aegir.alfheim.aesir-thiazi1-balmung1-d.rrd
Added to MANIFEST: t/sample_data/aesir/alfheim.aesir/aegir.alfheim.aesir-thiazi1-gungnir-a.rrd
Added to MANIFEST: t/sample_data/aesir/alfheim.aesir/aegir.alfheim.aesir-thiazi1-gungnir1-a.rrd
Added to MANIFEST: t/sample_data/aesir/alfheim.aesir/aegir.alfheim.aesir-thiazi1-mjollnir-g.rrd
Added to MANIFEST: t/sample_data/aesir/alfheim.aesir/aegir.alfheim.aesir-thiazi2-balmung-d.rrd
Added to MANIFEST: t/sample_data/aesir/alfheim.aesir/aegir.alfheim.aesir-thiazi2-balmung1-d.rrd
Added to MANIFEST: t/sample_data/aesir/alfheim.aesir/aegir.alfheim.aesir-thiazi2-gungnir-a.rrd
Added to MANIFEST: t/sample_data/aesir/alfheim.aesir/aegir.alfheim.aesir-thiazi2-gungnir1-a.rrd
Added to MANIFEST: t/sample_data/aesir/alfheim.aesir/aegir.alfheim.aesir-thiazi2-mjollnir-g.rrd
Added to MANIFEST: t/sample_data/aesir/alfheim.aesir/aegir.alfheim.aesir-ymir-balmung-a.rrd
Added to MANIFEST: t/sample_data/aesir/alfheim.aesir/aegir.alfheim.aesir-ymir-balmung1-a.rrd
Added to MANIFEST: t/sample_data/aesir/alfheim.aesir/aegir.alfheim.aesir-ymir-gungnir-g.rrd
Added to MANIFEST: t/sample_data/aesir/alfheim.aesir/aegir.alfheim.aesir-ymir-gungnir1-g.rrd
Added to MANIFEST: t/sample_data/aesir/alfheim.aesir/aegir.alfheim.aesir-ymir-mjollnir-d.rrd
Added to MANIFEST: t/sample_data/aesir/alfheim.aesir/aegir.alfheim.aesir-ymir1-balmung-a.rrd
Added to MANIFEST: t/sample_data/aesir/alfheim.aesir/aegir.alfheim.aesir-ymir1-balmung1-a.rrd
Added to MANIFEST: t/sample_data/aesir/alfheim.aesir/aegir.alfheim.aesir-ymir1-gungnir-g.rrd
Added to MANIFEST: t/sample_data/aesir/alfheim.aesir/aegir.alfheim.aesir-ymir1-gungnir1-g.rrd
Added to MANIFEST: t/sample_data/aesir/alfheim.aesir/aegir.alfheim.aesir-ymir1-mjollnir-d.rrd
Added to MANIFEST: t/sample_data/aesir/alfheim.aesir/aegir.alfheim.aesir-ymir2-balmung-a.rrd
Added to MANIFEST: t/sample_data/aesir/alfheim.aesir/aegir.alfheim.aesir-ymir2-balmung1-a.rrd
Added to MANIFEST: t/sample_data/aesir/alfheim.aesir/aegir.alfheim.aesir-ymir2-gungnir-g.rrd
Added to MANIFEST: t/sample_data/aesir/alfheim.aesir/aegir.alfheim.aesir-ymir2-gungnir1-g.rrd
Added to MANIFEST: t/sample_data/aesir/alfheim.aesir/aegir.alfheim.aesir-ymir2-mjollnir-d.rrd
Added to MANIFEST: t/sample_data/asynjur/asgard.asynjur/alaisiagae.asgard.asynjur-geirrod-balmung-g.rrd
Added to MANIFEST: t/sample_data/asynjur/asgard.asynjur/alaisiagae.asgard.asynjur-geirrod-balmung1-g.rrd
Added to MANIFEST: t/sample_data/asynjur/asgard.asynjur/alaisiagae.asgard.asynjur-geirrod-gungnir-d.rrd
Added to MANIFEST: t/sample_data/asynjur/asgard.asynjur/alaisiagae.asgard.asynjur-geirrod-gungnir1-d.rrd
Added to MANIFEST: t/sample_data/asynjur/asgard.asynjur/alaisiagae.asgard.asynjur-geirrod-mjollnir-a.rrd
Added to MANIFEST: t/sample_data/asynjur/asgard.asynjur/alaisiagae.asgard.asynjur-geirrod1-balmung-g.rrd
Added to MANIFEST: t/sample_data/asynjur/asgard.asynjur/alaisiagae.asgard.asynjur-geirrod1-balmung1-g.rrd
Added to MANIFEST: t/sample_data/asynjur/asgard.asynjur/alaisiagae.asgard.asynjur-geirrod1-gungnir-d.rrd
Added to MANIFEST: t/sample_data/asynjur/asgard.asynjur/alaisiagae.asgard.asynjur-geirrod1-gungnir1-d.rrd
Added to MANIFEST: t/sample_data/asynjur/asgard.asynjur/alaisiagae.asgard.asynjur-geirrod1-mjollnir-a.rrd
Added to MANIFEST: t/sample_data/asynjur/asgard.asynjur/alaisiagae.asgard.asynjur-geirrod2-balmung-g.rrd
Added to MANIFEST: t/sample_data/asynjur/asgard.asynjur/alaisiagae.asgard.asynjur-geirrod2-balmung1-g.rrd
Added to MANIFEST: t/sample_data/asynjur/asgard.asynjur/alaisiagae.asgard.asynjur-geirrod2-gungnir-d.rrd
Added to MANIFEST: t/sample_data/asynjur/asgard.asynjur/alaisiagae.asgard.asynjur-geirrod2-gungnir1-d.rrd
Added to MANIFEST: t/sample_data/asynjur/asgard.asynjur/alaisiagae.asgard.asynjur-geirrod2-mjollnir-a.rrd
Added to MANIFEST: t/sample_data/asynjur/asgard.asynjur/alaisiagae.asgard.asynjur-geirrod3-balmung-g.rrd
Added to MANIFEST: t/sample_data/asynjur/asgard.asynjur/alaisiagae.asgard.asynjur-geirrod3-balmung1-g.rrd
Added to MANIFEST: t/sample_data/asynjur/asgard.asynjur/alaisiagae.asgard.asynjur-geirrod3-gungnir-d.rrd
Added to MANIFEST: t/sample_data/asynjur/asgard.asynjur/alaisiagae.asgard.asynjur-geirrod3-gungnir1-d.rrd
Added to MANIFEST: t/sample_data/asynjur/asgard.asynjur/alaisiagae.asgard.asynjur-geirrod3-mjollnir-a.rrd
Added to MANIFEST: t/sample_data/asynjur/asgard.asynjur/alaisiagae.asgard.asynjur-gerd-balmung-d.rrd
Added to MANIFEST: t/sample_data/asynjur/asgard.asynjur/alaisiagae.asgard.asynjur-gerd-balmung1-d.rrd
Added to MANIFEST: t/sample_data/asynjur/asgard.asynjur/alaisiagae.asgard.asynjur-gerd-gungnir-a.rrd
Added to MANIFEST: t/sample_data/asynjur/asgard.asynjur/alaisiagae.asgard.asynjur-gerd-gungnir1-a.rrd
Added to MANIFEST: t/sample_data/asynjur/asgard.asynjur/alaisiagae.asgard.asynjur-gerd-mjollnir-g.rrd
Added to MANIFEST: t/sample_data/asynjur/asgard.asynjur/alaisiagae.asgard.asynjur-gerd1-balmung-d.rrd
Added to MANIFEST: t/sample_data/asynjur/asgard.asynjur/alaisiagae.asgard.asynjur-gerd1-balmung1-d.rrd
Added to MANIFEST: t/sample_data/asynjur/asgard.asynjur/alaisiagae.asgard.asynjur-gerd1-gungnir-a.rrd
Added to MANIFEST: t/sample_data/asynjur/asgard.asynjur/alaisiagae.asgard.asynjur-gerd1-gungnir1-a.rrd
Added to MANIFEST: t/sample_data/asynjur/asgard.asynjur/alaisiagae.asgard.asynjur-gerd1-mjollnir-g.rrd
Added to MANIFEST: t/sample_data/asynjur/asgard.asynjur/alaisiagae.asgard.asynjur-gerd2-balmung-d.rrd
Added to MANIFEST: t/sample_data/asynjur/asgard.asynjur/alaisiagae.asgard.asynjur-gerd2-balmung1-d.rrd
Added to MANIFEST: t/sample_data/asynjur/asgard.asynjur/alaisiagae.asgard.asynjur-gerd2-gungnir-a.rrd
Added to MANIFEST: t/sample_data/asynjur/asgard.asynjur/alaisiagae.asgard.asynjur-gerd2-gungnir1-a.rrd
Added to MANIFEST: t/sample_data/asynjur/asgard.asynjur/alaisiagae.asgard.asynjur-gerd2-mjollnir-g.rrd
Added to MANIFEST: t/sample_data/asynjur/asgard.asynjur/alaisiagae.asgard.asynjur-gerd3-balmung-d.rrd
Added to MANIFEST: t/sample_data/asynjur/asgard.asynjur/alaisiagae.asgard.asynjur-gerd3-balmung1-d.rrd
Added to MANIFEST: t/sample_data/asynjur/asgard.asynjur/alaisiagae.asgard.asynjur-gerd3-gungnir-a.rrd
Added to MANIFEST: t/sample_data/asynjur/asgard.asynjur/alaisiagae.asgard.asynjur-gerd3-gungnir1-a.rrd
Added to MANIFEST: t/sample_data/asynjur/asgard.asynjur/alaisiagae.asgard.asynjur-gerd3-mjollnir-g.rrd
Added to MANIFEST: t/sample_data/asynjur/asgard.asynjur/alaisiagae.asgard.asynjur-hymir-balmung-a.rrd
Added to MANIFEST: t/sample_data/asynjur/asgard.asynjur/alaisiagae.asgard.asynjur-hymir-balmung1-a.rrd
Added to MANIFEST: t/sample_data/asynjur/asgard.asynjur/alaisiagae.asgard.asynjur-hymir-gungnir-g.rrd
Added to MANIFEST: t/sample_data/asynjur/asgard.asynjur/alaisiagae.asgard.asynjur-hymir-gungnir1-g.rrd
Added to MANIFEST: t/sample_data/asynjur/asgard.asynjur/alaisiagae.asgard.asynjur-hymir-mjollnir-d.rrd
Added to MANIFEST: t/sample_data/asynjur/asgard.asynjur/alaisiagae.asgard.asynjur-hymir1-balmung-a.rrd
Added to MANIFEST: t/sample_data/asynjur/asgard.asynjur/alaisiagae.asgard.asynjur-hymir1-balmung1-a.rrd
Added to MANIFEST: t/sample_data/asynjur/asgard.asynjur/alaisiagae.asgard.asynjur-hymir1-gungnir-g.rrd
Added to MANIFEST: t/sample_data/asynjur/asgard.asynjur/alaisiagae.asgard.asynjur-hymir1-gungnir1-g.rrd
Added to MANIFEST: t/sample_data/asynjur/asgard.asynjur/alaisiagae.asgard.asynjur-hymir1-mjollnir-d.rrd
Added to MANIFEST: t/sample_data/asynjur/asgard.asynjur/alaisiagae.asgard.asynjur-hymir2-balmung-a.rrd
Added to MANIFEST: t/sample_data/asynjur/asgard.asynjur/alaisiagae.asgard.asynjur-hymir2-balmung1-a.rrd
Added to MANIFEST: t/sample_data/asynjur/asgard.asynjur/alaisiagae.asgard.asynjur-hymir2-gungnir-g.rrd
Added to MANIFEST: t/sample_data/asynjur/asgard.asynjur/alaisiagae.asgard.asynjur-hymir2-gungnir1-g.rrd
Added to MANIFEST: t/sample_data/asynjur/asgard.asynjur/alaisiagae.asgard.asynjur-hymir2-mjollnir-d.rrd
Added to MANIFEST: t/sample_data/asynjur/asgard.asynjur/alaisiagae.asgard.asynjur-hymir3-balmung-a.rrd
Added to MANIFEST: t/sample_data/asynjur/asgard.asynjur/alaisiagae.asgard.asynjur-hymir3-balmung1-a.rrd
Added to MANIFEST: t/sample_data/asynjur/asgard.asynjur/alaisiagae.asgard.asynjur-hymir3-gungnir-g.rrd
Added to MANIFEST: t/sample_data/asynjur/asgard.asynjur/alaisiagae.asgard.asynjur-hymir3-gungnir1-g.rrd
Added to MANIFEST: t/sample_data/asynjur/asgard.asynjur/alaisiagae.asgard.asynjur-hymir3-mjollnir-d.rrd
Added to MANIFEST: t/sample_data/asynjur/asgard.asynjur/alaisiagae.asgard.asynjur-jormungand-balmung-g.rrd
Added to MANIFEST: t/sample_data/asynjur/asgard.asynjur/alaisiagae.asgard.asynjur-jormungand-balmung1-g.rrd
Added to MANIFEST: t/sample_data/asynjur/asgard.asynjur/alaisiagae.asgard.asynjur-jormungand-gungnir-d.rrd
Added to MANIFEST: t/sample_data/asynjur/asgard.asynjur/alaisiagae.asgard.asynjur-jormungand-gungnir1-d.rrd
Added to MANIFEST: t/sample_data/asynjur/asgard.asynjur/alaisiagae.asgard.asynjur-jormungand-mjollnir-a.rrd
Added to MANIFEST: t/sample_data/asynjur/asgard.asynjur/alaisiagae.asgard.asynjur-jormungand1-balmung-g.rrd
Added to MANIFEST: t/sample_data/asynjur/asgard.asynjur/alaisiagae.asgard.asynjur-jormungand1-balmung1-g.rrd
Added to MANIFEST: t/sample_data/asynjur/asgard.asynjur/alaisiagae.asgard.asynjur-jormungand1-gungnir-d.rrd
Added to MANIFEST: t/sample_data/asynjur/asgard.asynjur/alaisiagae.asgard.asynjur-jormungand1-gungnir1-d.rrd
Added to MANIFEST: t/sample_data/asynjur/asgard.asynjur/alaisiagae.asgard.asynjur-jormungand1-mjollnir-a.rrd
Added to MANIFEST: t/sample_data/asynjur/asgard.asynjur/alaisiagae.asgard.asynjur-jormungand2-balmung-g.rrd
Added to MANIFEST: t/sample_data/asynjur/asgard.asynjur/alaisiagae.asgard.asynjur-jormungand2-balmung1-g.rrd
Added to MANIFEST: t/sample_data/asynjur/asgard.asynjur/alaisiagae.asgard.asynjur-jormungand2-gungnir-d.rrd
Added to MANIFEST: t/sample_data/asynjur/asgard.asynjur/alaisiagae.asgard.asynjur-jormungand2-gungnir1-d.rrd
Added to MANIFEST: t/sample_data/asynjur/asgard.asynjur/alaisiagae.asgard.asynjur-jormungand2-mjollnir-a.rrd
Added to MANIFEST: t/sample_data/asynjur/asgard.asynjur/alaisiagae.asgard.asynjur-load-balmung-d.rrd
Added to MANIFEST: t/sample_data/asynjur/asgard.asynjur/alaisiagae.asgard.asynjur-load-balmung1-d.rrd
Added to MANIFEST: t/sample_data/asynjur/asgard.asynjur/alaisiagae.asgard.asynjur-load-gungnir-a.rrd
Added to MANIFEST: t/sample_data/asynjur/asgard.asynjur/alaisiagae.asgard.asynjur-load-gungnir1-a.rrd
Added to MANIFEST: t/sample_data/asynjur/asgard.asynjur/alaisiagae.asgard.asynjur-load-mjollnir-g.rrd
Added to MANIFEST: t/sample_data/asynjur/asgard.asynjur/alaisiagae.asgard.asynjur-load1-balmung-d.rrd
Added to MANIFEST: t/sample_data/asynjur/asgard.asynjur/alaisiagae.asgard.asynjur-load1-balmung1-d.rrd
Added to MANIFEST: t/sample_data/asynjur/asgard.asynjur/alaisiagae.asgard.asynjur-load1-gungnir-a.rrd
Added to MANIFEST: t/sample_data/asynjur/asgard.asynjur/alaisiagae.asgard.asynjur-load1-gungnir1-a.rrd
Added to MANIFEST: t/sample_data/asynjur/asgard.asynjur/alaisiagae.asgard.asynjur-load1-mjollnir-g.rrd
Added to MANIFEST: t/sample_data/asynjur/asgard.asynjur/alaisiagae.asgard.asynjur-load2-balmung-d.rrd
Added to MANIFEST: t/sample_data/asynjur/asgard.asynjur/alaisiagae.asgard.asynjur-load2-balmung1-d.rrd
Added to MANIFEST: t/sample_data/asynjur/asgard.asynjur/alaisiagae.asgard.asynjur-load2-gungnir-a.rrd
Added to MANIFEST: t/sample_data/asynjur/asgard.asynjur/alaisiagae.asgard.asynjur-load2-gungnir1-a.rrd
Added to MANIFEST: t/sample_data/asynjur/asgard.asynjur/alaisiagae.asgard.asynjur-load2-mjollnir-g.rrd
Added to MANIFEST: t/sample_data/asynjur/asgard.asynjur/alaisiagae.asgard.asynjur-mjollnir-balmung-a.rrd
Added to MANIFEST: t/sample_data/asynjur/asgard.asynjur/alaisiagae.asgard.asynjur-mjollnir-balmung1-a.rrd
Added to MANIFEST: t/sample_data/asynjur/asgard.asynjur/alaisiagae.asgard.asynjur-mjollnir-gungnir-g.rrd
Added to MANIFEST: t/sample_data/asynjur/asgard.asynjur/alaisiagae.asgard.asynjur-mjollnir-gungnir1-g.rrd
Added to MANIFEST: t/sample_data/asynjur/asgard.asynjur/alaisiagae.asgard.asynjur-mjollnir-mjollnir-d.rrd
Added to MANIFEST: t/sample_data/asynjur/asgard.asynjur/alaisiagae.asgard.asynjur-mjollnir1-balmung-a.rrd
Added to MANIFEST: t/sample_data/asynjur/asgard.asynjur/alaisiagae.asgard.asynjur-mjollnir1-balmung1-a.rrd
Added to MANIFEST: t/sample_data/asynjur/asgard.asynjur/alaisiagae.asgard.asynjur-mjollnir1-gungnir-g.rrd
Added to MANIFEST: t/sample_data/asynjur/asgard.asynjur/alaisiagae.asgard.asynjur-mjollnir1-gungnir1-g.rrd
Added to MANIFEST: t/sample_data/asynjur/asgard.asynjur/alaisiagae.asgard.asynjur-mjollnir1-mjollnir-d.rrd
Added to MANIFEST: t/sample_data/asynjur/asgard.asynjur/alaisiagae.asgard.asynjur-mjollnir2-balmung-a.rrd
Added to MANIFEST: t/sample_data/asynjur/asgard.asynjur/alaisiagae.asgard.asynjur-mjollnir2-balmung1-a.rrd
Added to MANIFEST: t/sample_data/asynjur/asgard.asynjur/alaisiagae.asgard.asynjur-mjollnir2-gungnir-g.rrd
Added to MANIFEST: t/sample_data/asynjur/asgard.asynjur/alaisiagae.asgard.asynjur-mjollnir2-gungnir1-g.rrd
Added to MANIFEST: t/sample_data/asynjur/asgard.asynjur/alaisiagae.asgard.asynjur-mjollnir2-mjollnir-d.rrd
Added to MANIFEST: t/sample_data/asynjur/asgard.asynjur/alaisiagae.asgard.asynjur-surt-balmung-g.rrd
Added to MANIFEST: t/sample_data/asynjur/asgard.asynjur/alaisiagae.asgard.asynjur-surt-balmung1-g.rrd
Added to MANIFEST: t/sample_data/asynjur/asgard.asynjur/alaisiagae.asgard.asynjur-surt-gungnir-d.rrd
Added to MANIFEST: t/sample_data/asynjur/asgard.asynjur/alaisiagae.asgard.asynjur-surt-gungnir1-d.rrd
Added to MANIFEST: t/sample_data/asynjur/asgard.asynjur/alaisiagae.asgard.asynjur-surt-mjollnir-a.rrd
Added to MANIFEST: t/sample_data/asynjur/asgard.asynjur/alaisiagae.asgard.asynjur-surt1-balmung-g.rrd
Added to MANIFEST: t/sample_data/asynjur/asgard.asynjur/alaisiagae.asgard.asynjur-surt1-balmung1-g.rrd
Added to MANIFEST: t/sample_data/asynjur/asgard.asynjur/alaisiagae.asgard.asynjur-surt1-gungnir-d.rrd
Added to MANIFEST: t/sample_data/asynjur/asgard.asynjur/alaisiagae.asgard.asynjur-surt1-gungnir1-d.rrd
Added to MANIFEST: t/sample_data/asynjur/asgard.asynjur/alaisiagae.asgard.asynjur-surt1-mjollnir-a.rrd
Added to MANIFEST: t/sample_data/asynjur/asgard.asynjur/alaisiagae.asgard.asynjur-surt2-balmung-g.rrd
Added to MANIFEST: t/sample_data/asynjur/asgard.asynjur/alaisiagae.asgard.asynjur-surt2-balmung1-g.rrd
Added to MANIFEST: t/sample_data/asynjur/asgard.asynjur/alaisiagae.asgard.asynjur-surt2-gungnir-d.rrd
Added to MANIFEST: t/sample_data/asynjur/asgard.asynjur/alaisiagae.asgard.asynjur-surt2-gungnir1-d.rrd
Added to MANIFEST: t/sample_data/asynjur/asgard.asynjur/alaisiagae.asgard.asynjur-surt2-mjollnir-a.rrd
Added to MANIFEST: t/sample_data/asynjur/asgard.asynjur/alaisiagae.asgard.asynjur-thiazi-balmung-d.rrd
Added to MANIFEST: t/sample_data/asynjur/asgard.asynjur/alaisiagae.asgard.asynjur-thiazi-balmung1-d.rrd
Added to MANIFEST: t/sample_data/asynjur/asgard.asynjur/alaisiagae.asgard.asynjur-thiazi-gungnir-a.rrd
Added to MANIFEST: t/sample_data/asynjur/asgard.asynjur/alaisiagae.asgard.asynjur-thiazi-gungnir1-a.rrd
Added to MANIFEST: t/sample_data/asynjur/asgard.asynjur/alaisiagae.asgard.asynjur-thiazi-mjollnir-g.rrd
Added to MANIFEST: t/sample_data/asynjur/asgard.asynjur/alaisiagae.asgard.asynjur-thiazi1-balmung-d.rrd
Added to MANIFEST: t/sample_data/asynjur/asgard.asynjur/alaisiagae.asgard.asynjur-thiazi1-balmung1-d.rrd
Added to MANIFEST: t/sample_data/asynjur/asgard.asynjur/alaisiagae.asgard.asynjur-thiazi1-gungnir-a.rrd
Added to MANIFEST: t/sample_data/asynjur/asgard.asynjur/alaisiagae.asgard.asynjur-thiazi1-gungnir1-a.rrd
Added to MANIFEST: t/sample_data/asynjur/asgard.asynjur/alaisiagae.asgard.asynjur-thiazi1-mjollnir-g.rrd
Added to MANIFEST: t/sample_data/asynjur/asgard.asynjur/alaisiagae.asgard.asynjur-thiazi2-balmung-d.rrd
Added to MANIFEST: t/sample_data/asynjur/asgard.asynjur/alaisiagae.asgard.asynjur-thiazi2-balmung1-d.rrd
Added to MANIFEST: t/sample_data/asynjur/asgard.asynjur/alaisiagae.asgard.asynjur-thiazi2-gungnir-a.rrd
Added to MANIFEST: t/sample_data/asynjur/asgard.asynjur/alaisiagae.asgard.asynjur-thiazi2-gungnir1-a.rrd
Added to MANIFEST: t/sample_data/asynjur/asgard.asynjur/alaisiagae.asgard.asynjur-thiazi2-mjollnir-g.rrd
Added to MANIFEST: t/sample_data/asynjur/asgard.asynjur/alaisiagae.asgard.asynjur-ymir-balmung-a.rrd
Added to MANIFEST: t/sample_data/asynjur/asgard.asynjur/alaisiagae.asgard.asynjur-ymir-balmung1-a.rrd
Added to MANIFEST: t/sample_data/asynjur/asgard.asynjur/alaisiagae.asgard.asynjur-ymir-gungnir-g.rrd
Added to MANIFEST: t/sample_data/asynjur/asgard.asynjur/alaisiagae.asgard.asynjur-ymir-gungnir1-g.rrd
Added to MANIFEST: t/sample_data/asynjur/asgard.asynjur/alaisiagae.asgard.asynjur-ymir-mjollnir-d.rrd
Added to MANIFEST: t/sample_data/asynjur/asgard.asynjur/alaisiagae.asgard.asynjur-ymir1-balmung-a.rrd
Added to MANIFEST: t/sample_data/asynjur/asgard.asynjur/alaisiagae.asgard.asynjur-ymir1-balmung1-a.rrd
Added to MANIFEST: t/sample_data/asynjur/asgard.asynjur/alaisiagae.asgard.asynjur-ymir1-gungnir-g.rrd
Added to MANIFEST: t/sample_data/asynjur/asgard.asynjur/alaisiagae.asgard.asynjur-ymir1-gungnir1-g.rrd
Added to MANIFEST: t/sample_data/asynjur/asgard.asynjur/alaisiagae.asgard.asynjur-ymir1-mjollnir-d.rrd
Added to MANIFEST: t/sample_data/asynjur/asgard.asynjur/alaisiagae.asgard.asynjur-ymir2-balmung-a.rrd
Added to MANIFEST: t/sample_data/asynjur/asgard.asynjur/alaisiagae.asgard.asynjur-ymir2-balmung1-a.rrd
Added to MANIFEST: t/sample_data/asynjur/asgard.asynjur/alaisiagae.asgard.asynjur-ymir2-gungnir-g.rrd
Added to MANIFEST: t/sample_data/asynjur/asgard.asynjur/alaisiagae.asgard.asynjur-ymir2-gungnir1-g.rrd
Added to MANIFEST: t/sample_data/asynjur/asgard.asynjur/alaisiagae.asgard.asynjur-ymir2-mjollnir-d.rrd
Added to MANIFEST: t/sample_data/datafile.sqlite
Added to MANIFEST: t/sample_data/localhost/localhost-geirrod-balmung-g.rrd
Added to MANIFEST: t/sample_data/localhost/localhost-geirrod-balmung1-g.rrd
Added to MANIFEST: t/sample_data/localhost/localhost-geirrod-gungnir-d.rrd
Added to MANIFEST: t/sample_data/localhost/localhost-geirrod-gungnir1-d.rrd
Added to MANIFEST: t/sample_data/localhost/localhost-geirrod-mjollnir-a.rrd
Added to MANIFEST: t/sample_data/localhost/localhost-geirrod1-balmung-g.rrd
Added to MANIFEST: t/sample_data/localhost/localhost-geirrod1-balmung1-g.rrd
Added to MANIFEST: t/sample_data/localhost/localhost-geirrod1-gungnir-d.rrd
Added to MANIFEST: t/sample_data/localhost/localhost-geirrod1-gungnir1-d.rrd
Added to MANIFEST: t/sample_data/localhost/localhost-geirrod1-mjollnir-a.rrd
Added to MANIFEST: t/sample_data/localhost/localhost-geirrod2-balmung-g.rrd
Added to MANIFEST: t/sample_data/localhost/localhost-geirrod2-balmung1-g.rrd
Added to MANIFEST: t/sample_data/localhost/localhost-geirrod2-gungnir-d.rrd
Added to MANIFEST: t/sample_data/localhost/localhost-geirrod2-gungnir1-d.rrd
Added to MANIFEST: t/sample_data/localhost/localhost-geirrod2-mjollnir-a.rrd
Added to MANIFEST: t/sample_data/localhost/localhost-geirrod3-balmung-g.rrd
Added to MANIFEST: t/sample_data/localhost/localhost-geirrod3-balmung1-g.rrd
Added to MANIFEST: t/sample_data/localhost/localhost-geirrod3-gungnir-d.rrd
Added to MANIFEST: t/sample_data/localhost/localhost-geirrod3-gungnir1-d.rrd
Added to MANIFEST: t/sample_data/localhost/localhost-geirrod3-mjollnir-a.rrd
Added to MANIFEST: t/sample_data/localhost/localhost-gerd-balmung-d.rrd
Added to MANIFEST: t/sample_data/localhost/localhost-gerd-balmung1-d.rrd
Added to MANIFEST: t/sample_data/localhost/localhost-gerd-gungnir-a.rrd
Added to MANIFEST: t/sample_data/localhost/localhost-gerd-gungnir1-a.rrd
Added to MANIFEST: t/sample_data/localhost/localhost-gerd-mjollnir-g.rrd
Added to MANIFEST: t/sample_data/localhost/localhost-gerd1-balmung-d.rrd
Added to MANIFEST: t/sample_data/localhost/localhost-gerd1-balmung1-d.rrd
Added to MANIFEST: t/sample_data/localhost/localhost-gerd1-gungnir-a.rrd
Added to MANIFEST: t/sample_data/localhost/localhost-gerd1-gungnir1-a.rrd
Added to MANIFEST: t/sample_data/localhost/localhost-gerd1-mjollnir-g.rrd
Added to MANIFEST: t/sample_data/localhost/localhost-gerd2-balmung-d.rrd
Added to MANIFEST: t/sample_data/localhost/localhost-gerd2-balmung1-d.rrd
Added to MANIFEST: t/sample_data/localhost/localhost-gerd2-gungnir-a.rrd
Added to MANIFEST: t/sample_data/localhost/localhost-gerd2-gungnir1-a.rrd
Added to MANIFEST: t/sample_data/localhost/localhost-gerd2-mjollnir-g.rrd
Added to MANIFEST: t/sample_data/localhost/localhost-gerd3-balmung-d.rrd
Added to MANIFEST: t/sample_data/localhost/localhost-gerd3-balmung1-d.rrd
Added to MANIFEST: t/sample_data/localhost/localhost-gerd3-gungnir-a.rrd
Added to MANIFEST: t/sample_data/localhost/localhost-gerd3-gungnir1-a.rrd
Added to MANIFEST: t/sample_data/localhost/localhost-gerd3-mjollnir-g.rrd
Added to MANIFEST: t/sample_data/localhost/localhost-hymir-balmung-a.rrd
Added to MANIFEST: t/sample_data/localhost/localhost-hymir-balmung1-a.rrd
Added to MANIFEST: t/sample_data/localhost/localhost-hymir-gungnir-g.rrd
Added to MANIFEST: t/sample_data/localhost/localhost-hymir-gungnir1-g.rrd
Added to MANIFEST: t/sample_data/localhost/localhost-hymir-mjollnir-d.rrd
Added to MANIFEST: t/sample_data/localhost/localhost-hymir1-balmung-a.rrd
Added to MANIFEST: t/sample_data/localhost/localhost-hymir1-balmung1-a.rrd
Added to MANIFEST: t/sample_data/localhost/localhost-hymir1-gungnir-g.rrd
Added to MANIFEST: t/sample_data/localhost/localhost-hymir1-gungnir1-g.rrd
Added to MANIFEST: t/sample_data/localhost/localhost-hymir1-mjollnir-d.rrd
Added to MANIFEST: t/sample_data/localhost/localhost-hymir2-balmung-a.rrd
Added to MANIFEST: t/sample_data/localhost/localhost-hymir2-balmung1-a.rrd
Added to MANIFEST: t/sample_data/localhost/localhost-hymir2-gungnir-g.rrd
Added to MANIFEST: t/sample_data/localhost/localhost-hymir2-gungnir1-g.rrd
Added to MANIFEST: t/sample_data/localhost/localhost-hymir2-mjollnir-d.rrd
Added to MANIFEST: t/sample_data/localhost/localhost-hymir3-balmung-a.rrd
Added to MANIFEST: t/sample_data/localhost/localhost-hymir3-balmung1-a.rrd
Added to MANIFEST: t/sample_data/localhost/localhost-hymir3-gungnir-g.rrd
Added to MANIFEST: t/sample_data/localhost/localhost-hymir3-gungnir1-g.rrd
Added to MANIFEST: t/sample_data/localhost/localhost-hymir3-mjollnir-d.rrd
Added to MANIFEST: t/sample_data/localhost/localhost-jormungand-balmung-g.rrd
Added to MANIFEST: t/sample_data/localhost/localhost-jormungand-balmung1-g.rrd
Added to MANIFEST: t/sample_data/localhost/localhost-jormungand-gungnir-d.rrd
Added to MANIFEST: t/sample_data/localhost/localhost-jormungand-gungnir1-d.rrd
Added to MANIFEST: t/sample_data/localhost/localhost-jormungand-mjollnir-a.rrd
Added to MANIFEST: t/sample_data/localhost/localhost-jormungand1-balmung-g.rrd
Added to MANIFEST: t/sample_data/localhost/localhost-jormungand1-balmung1-g.rrd
Added to MANIFEST: t/sample_data/localhost/localhost-jormungand1-gungnir-d.rrd
Added to MANIFEST: t/sample_data/localhost/localhost-jormungand1-gungnir1-d.rrd
Added to MANIFEST: t/sample_data/localhost/localhost-jormungand1-mjollnir-a.rrd
Added to MANIFEST: t/sample_data/localhost/localhost-jormungand2-balmung-g.rrd
Added to MANIFEST: t/sample_data/localhost/localhost-jormungand2-balmung1-g.rrd
Added to MANIFEST: t/sample_data/localhost/localhost-jormungand2-gungnir-d.rrd
Added to MANIFEST: t/sample_data/localhost/localhost-jormungand2-gungnir1-d.rrd
Added to MANIFEST: t/sample_data/localhost/localhost-jormungand2-mjollnir-a.rrd
Added to MANIFEST: t/sample_data/localhost/localhost-load-balmung-d.rrd
Added to MANIFEST: t/sample_data/localhost/localhost-load-balmung1-d.rrd
Added to MANIFEST: t/sample_data/localhost/localhost-load-gungnir-a.rrd
Added to MANIFEST: t/sample_data/localhost/localhost-load-gungnir1-a.rrd
Added to MANIFEST: t/sample_data/localhost/localhost-load-mjollnir-g.rrd
Added to MANIFEST: t/sample_data/localhost/localhost-load1-balmung-d.rrd
Added to MANIFEST: t/sample_data/localhost/localhost-load1-balmung1-d.rrd
Added to MANIFEST: t/sample_data/localhost/localhost-load1-gungnir-a.rrd
Added to MANIFEST: t/sample_data/localhost/localhost-load1-gungnir1-a.rrd
Added to MANIFEST: t/sample_data/localhost/localhost-load1-mjollnir-g.rrd
Added to MANIFEST: t/sample_data/localhost/localhost-load2-balmung-d.rrd
Added to MANIFEST: t/sample_data/localhost/localhost-load2-balmung1-d.rrd
Added to MANIFEST: t/sample_data/localhost/localhost-load2-gungnir-a.rrd
Added to MANIFEST: t/sample_data/localhost/localhost-load2-gungnir1-a.rrd
Added to MANIFEST: t/sample_data/localhost/localhost-load2-mjollnir-g.rrd
Added to MANIFEST: t/sample_data/localhost/localhost-mjollnir-balmung-a.rrd
Added to MANIFEST: t/sample_data/localhost/localhost-mjollnir-balmung1-a.rrd
Added to MANIFEST: t/sample_data/localhost/localhost-mjollnir-gungnir-g.rrd
Added to MANIFEST: t/sample_data/localhost/localhost-mjollnir-gungnir1-g.rrd
Added to MANIFEST: t/sample_data/localhost/localhost-mjollnir-mjollnir-d.rrd
Added to MANIFEST: t/sample_data/localhost/localhost-mjollnir1-balmung-a.rrd
Added to MANIFEST: t/sample_data/localhost/localhost-mjollnir1-balmung1-a.rrd
Added to MANIFEST: t/sample_data/localhost/localhost-mjollnir1-gungnir-g.rrd
Added to MANIFEST: t/sample_data/localhost/localhost-mjollnir1-gungnir1-g.rrd
Added to MANIFEST: t/sample_data/localhost/localhost-mjollnir1-mjollnir-d.rrd
Added to MANIFEST: t/sample_data/localhost/localhost-mjollnir2-balmung-a.rrd
Added to MANIFEST: t/sample_data/localhost/localhost-mjollnir2-balmung1-a.rrd
Added to MANIFEST: t/sample_data/localhost/localhost-mjollnir2-gungnir-g.rrd
Added to MANIFEST: t/sample_data/localhost/localhost-mjollnir2-gungnir1-g.rrd
Added to MANIFEST: t/sample_data/localhost/localhost-mjollnir2-mjollnir-d.rrd
Added to MANIFEST: t/sample_data/localhost/localhost-surt-balmung-g.rrd
Added to MANIFEST: t/sample_data/localhost/localhost-surt-balmung1-g.rrd
Added to MANIFEST: t/sample_data/localhost/localhost-surt-gungnir-d.rrd
Added to MANIFEST: t/sample_data/localhost/localhost-surt-gungnir1-d.rrd
Added to MANIFEST: t/sample_data/localhost/localhost-surt-mjollnir-a.rrd
Added to MANIFEST: t/sample_data/localhost/localhost-surt1-balmung-g.rrd
Added to MANIFEST: t/sample_data/localhost/localhost-surt1-balmung1-g.rrd
Added to MANIFEST: t/sample_data/localhost/localhost-surt1-gungnir-d.rrd
Added to MANIFEST: t/sample_data/localhost/localhost-surt1-gungnir1-d.rrd
Added to MANIFEST: t/sample_data/localhost/localhost-surt1-mjollnir-a.rrd
Added to MANIFEST: t/sample_data/localhost/localhost-surt2-balmung-g.rrd
Added to MANIFEST: t/sample_data/localhost/localhost-surt2-balmung1-g.rrd
Added to MANIFEST: t/sample_data/localhost/localhost-surt2-gungnir-d.rrd
Added to MANIFEST: t/sample_data/localhost/localhost-surt2-gungnir1-d.rrd
Added to MANIFEST: t/sample_data/localhost/localhost-surt2-mjollnir-a.rrd
Added to MANIFEST: t/sample_data/localhost/localhost-thiazi-balmung-d.rrd
Added to MANIFEST: t/sample_data/localhost/localhost-thiazi-balmung1-d.rrd
Added to MANIFEST: t/sample_data/localhost/localhost-thiazi-gungnir-a.rrd
Added to MANIFEST: t/sample_data/localhost/localhost-thiazi-gungnir1-a.rrd
Added to MANIFEST: t/sample_data/localhost/localhost-thiazi-mjollnir-g.rrd
Added to MANIFEST: t/sample_data/localhost/localhost-thiazi1-balmung-d.rrd
Added to MANIFEST: t/sample_data/localhost/localhost-thiazi1-balmung1-d.rrd
Added to MANIFEST: t/sample_data/localhost/localhost-thiazi1-gungnir-a.rrd
Added to MANIFEST: t/sample_data/localhost/localhost-thiazi1-gungnir1-a.rrd
Added to MANIFEST: t/sample_data/localhost/localhost-thiazi1-mjollnir-g.rrd
Added to MANIFEST: t/sample_data/localhost/localhost-thiazi2-balmung-d.rrd
Added to MANIFEST: t/sample_data/localhost/localhost-thiazi2-balmung1-d.rrd
Added to MANIFEST: t/sample_data/localhost/localhost-thiazi2-gungnir-a.rrd
Added to MANIFEST: t/sample_data/localhost/localhost-thiazi2-gungnir1-a.rrd
Added to MANIFEST: t/sample_data/localhost/localhost-thiazi2-mjollnir-g.rrd
Added to MANIFEST: t/sample_data/localhost/localhost-ymir-balmung-a.rrd
Added to MANIFEST: t/sample_data/localhost/localhost-ymir-balmung1-a.rrd
Added to MANIFEST: t/sample_data/localhost/localhost-ymir-gungnir-g.rrd
Added to MANIFEST: t/sample_data/localhost/localhost-ymir-gungnir1-g.rrd
Added to MANIFEST: t/sample_data/localhost/localhost-ymir-mjollnir-d.rrd
Added to MANIFEST: t/sample_data/localhost/localhost-ymir1-balmung-a.rrd
Added to MANIFEST: t/sample_data/localhost/localhost-ymir1-balmung1-a.rrd
Added to MANIFEST: t/sample_data/localhost/localhost-ymir1-gungnir-g.rrd
Added to MANIFEST: t/sample_data/localhost/localhost-ymir1-gungnir1-g.rrd
Added to MANIFEST: t/sample_data/localhost/localhost-ymir1-mjollnir-d.rrd
Added to MANIFEST: t/sample_data/localhost/localhost-ymir2-balmung-a.rrd
Added to MANIFEST: t/sample_data/localhost/localhost-ymir2-balmung1-a.rrd
Added to MANIFEST: t/sample_data/localhost/localhost-ymir2-gungnir-g.rrd
Added to MANIFEST: t/sample_data/localhost/localhost-ymir2-gungnir1-g.rrd
Added to MANIFEST: t/sample_data/localhost/localhost-ymir2-mjollnir-d.rrd
Added to MANIFEST: t/sample_data/svartalfar/jotunheim.svartalfar/astrild.jotunheim.svartalfar-geirrod-balmung-g.rrd
Added to MANIFEST: t/sample_data/svartalfar/jotunheim.svartalfar/astrild.jotunheim.svartalfar-geirrod-balmung1-g.rrd
Added to MANIFEST: t/sample_data/svartalfar/jotunheim.svartalfar/astrild.jotunheim.svartalfar-geirrod-gungnir-d.rrd
Added to MANIFEST: t/sample_data/svartalfar/jotunheim.svartalfar/astrild.jotunheim.svartalfar-geirrod-gungnir1-d.rrd
Added to MANIFEST: t/sample_data/svartalfar/jotunheim.svartalfar/astrild.jotunheim.svartalfar-geirrod-mjollnir-a.rrd
Added to MANIFEST: t/sample_data/svartalfar/jotunheim.svartalfar/astrild.jotunheim.svartalfar-geirrod1-balmung-g.rrd
Added to MANIFEST: t/sample_data/svartalfar/jotunheim.svartalfar/astrild.jotunheim.svartalfar-geirrod1-balmung1-g.rrd
Added to MANIFEST: t/sample_data/svartalfar/jotunheim.svartalfar/astrild.jotunheim.svartalfar-geirrod1-gungnir-d.rrd
Added to MANIFEST: t/sample_data/svartalfar/jotunheim.svartalfar/astrild.jotunheim.svartalfar-geirrod1-gungnir1-d.rrd
Added to MANIFEST: t/sample_data/svartalfar/jotunheim.svartalfar/astrild.jotunheim.svartalfar-geirrod1-mjollnir-a.rrd
Added to MANIFEST: t/sample_data/svartalfar/jotunheim.svartalfar/astrild.jotunheim.svartalfar-geirrod2-balmung-g.rrd
Added to MANIFEST: t/sample_data/svartalfar/jotunheim.svartalfar/astrild.jotunheim.svartalfar-geirrod2-balmung1-g.rrd
Added to MANIFEST: t/sample_data/svartalfar/jotunheim.svartalfar/astrild.jotunheim.svartalfar-geirrod2-gungnir-d.rrd
Added to MANIFEST: t/sample_data/svartalfar/jotunheim.svartalfar/astrild.jotunheim.svartalfar-geirrod2-gungnir1-d.rrd
Added to MANIFEST: t/sample_data/svartalfar/jotunheim.svartalfar/astrild.jotunheim.svartalfar-geirrod2-mjollnir-a.rrd
Added to MANIFEST: t/sample_data/svartalfar/jotunheim.svartalfar/astrild.jotunheim.svartalfar-geirrod3-balmung-g.rrd
Added to MANIFEST: t/sample_data/svartalfar/jotunheim.svartalfar/astrild.jotunheim.svartalfar-geirrod3-balmung1-g.rrd
Added to MANIFEST: t/sample_data/svartalfar/jotunheim.svartalfar/astrild.jotunheim.svartalfar-geirrod3-gungnir-d.rrd
Added to MANIFEST: t/sample_data/svartalfar/jotunheim.svartalfar/astrild.jotunheim.svartalfar-geirrod3-gungnir1-d.rrd
Added to MANIFEST: t/sample_data/svartalfar/jotunheim.svartalfar/astrild.jotunheim.svartalfar-geirrod3-mjollnir-a.rrd
Added to MANIFEST: t/sample_data/svartalfar/jotunheim.svartalfar/astrild.jotunheim.svartalfar-gerd-balmung-d.rrd
Added to MANIFEST: t/sample_data/svartalfar/jotunheim.svartalfar/astrild.jotunheim.svartalfar-gerd-balmung1-d.rrd
Added to MANIFEST: t/sample_data/svartalfar/jotunheim.svartalfar/astrild.jotunheim.svartalfar-gerd-gungnir-a.rrd
Added to MANIFEST: t/sample_data/svartalfar/jotunheim.svartalfar/astrild.jotunheim.svartalfar-gerd-gungnir1-a.rrd
Added to MANIFEST: t/sample_data/svartalfar/jotunheim.svartalfar/astrild.jotunheim.svartalfar-gerd-mjollnir-g.rrd
Added to MANIFEST: t/sample_data/svartalfar/jotunheim.svartalfar/astrild.jotunheim.svartalfar-gerd1-balmung-d.rrd
Added to MANIFEST: t/sample_data/svartalfar/jotunheim.svartalfar/astrild.jotunheim.svartalfar-gerd1-balmung1-d.rrd
Added to MANIFEST: t/sample_data/svartalfar/jotunheim.svartalfar/astrild.jotunheim.svartalfar-gerd1-gungnir-a.rrd
Added to MANIFEST: t/sample_data/svartalfar/jotunheim.svartalfar/astrild.jotunheim.svartalfar-gerd1-gungnir1-a.rrd
Added to MANIFEST: t/sample_data/svartalfar/jotunheim.svartalfar/astrild.jotunheim.svartalfar-gerd1-mjollnir-g.rrd
Added to MANIFEST: t/sample_data/svartalfar/jotunheim.svartalfar/astrild.jotunheim.svartalfar-gerd2-balmung-d.rrd
Added to MANIFEST: t/sample_data/svartalfar/jotunheim.svartalfar/astrild.jotunheim.svartalfar-gerd2-balmung1-d.rrd
Added to MANIFEST: t/sample_data/svartalfar/jotunheim.svartalfar/astrild.jotunheim.svartalfar-gerd2-gungnir-a.rrd
Added to MANIFEST: t/sample_data/svartalfar/jotunheim.svartalfar/astrild.jotunheim.svartalfar-gerd2-gungnir1-a.rrd
Added to MANIFEST: t/sample_data/svartalfar/jotunheim.svartalfar/astrild.jotunheim.svartalfar-gerd2-mjollnir-g.rrd
Added to MANIFEST: t/sample_data/svartalfar/jotunheim.svartalfar/astrild.jotunheim.svartalfar-gerd3-balmung-d.rrd
Added to MANIFEST: t/sample_data/svartalfar/jotunheim.svartalfar/astrild.jotunheim.svartalfar-gerd3-balmung1-d.rrd
Added to MANIFEST: t/sample_data/svartalfar/jotunheim.svartalfar/astrild.jotunheim.svartalfar-gerd3-gungnir-a.rrd
Added to MANIFEST: t/sample_data/svartalfar/jotunheim.svartalfar/astrild.jotunheim.svartalfar-gerd3-gungnir1-a.rrd
Added to MANIFEST: t/sample_data/svartalfar/jotunheim.svartalfar/astrild.jotunheim.svartalfar-gerd3-mjollnir-g.rrd
Added to MANIFEST: t/sample_data/svartalfar/jotunheim.svartalfar/astrild.jotunheim.svartalfar-hymir-balmung-a.rrd
Added to MANIFEST: t/sample_data/svartalfar/jotunheim.svartalfar/astrild.jotunheim.svartalfar-hymir-balmung1-a.rrd
Added to MANIFEST: t/sample_data/svartalfar/jotunheim.svartalfar/astrild.jotunheim.svartalfar-hymir-gungnir-g.rrd
Added to MANIFEST: t/sample_data/svartalfar/jotunheim.svartalfar/astrild.jotunheim.svartalfar-hymir-gungnir1-g.rrd
Added to MANIFEST: t/sample_data/svartalfar/jotunheim.svartalfar/astrild.jotunheim.svartalfar-hymir-mjollnir-d.rrd
Added to MANIFEST: t/sample_data/svartalfar/jotunheim.svartalfar/astrild.jotunheim.svartalfar-hymir1-balmung-a.rrd
Added to MANIFEST: t/sample_data/svartalfar/jotunheim.svartalfar/astrild.jotunheim.svartalfar-hymir1-balmung1-a.rrd
Added to MANIFEST: t/sample_data/svartalfar/jotunheim.svartalfar/astrild.jotunheim.svartalfar-hymir1-gungnir-g.rrd
Added to MANIFEST: t/sample_data/svartalfar/jotunheim.svartalfar/astrild.jotunheim.svartalfar-hymir1-gungnir1-g.rrd
Added to MANIFEST: t/sample_data/svartalfar/jotunheim.svartalfar/astrild.jotunheim.svartalfar-hymir1-mjollnir-d.rrd
Added to MANIFEST: t/sample_data/svartalfar/jotunheim.svartalfar/astrild.jotunheim.svartalfar-hymir2-balmung-a.rrd
Added to MANIFEST: t/sample_data/svartalfar/jotunheim.svartalfar/astrild.jotunheim.svartalfar-hymir2-balmung1-a.rrd
Added to MANIFEST: t/sample_data/svartalfar/jotunheim.svartalfar/astrild.jotunheim.svartalfar-hymir2-gungnir-g.rrd
Added to MANIFEST: t/sample_data/svartalfar/jotunheim.svartalfar/astrild.jotunheim.svartalfar-hymir2-gungnir1-g.rrd
Added to MANIFEST: t/sample_data/svartalfar/jotunheim.svartalfar/astrild.jotunheim.svartalfar-hymir2-mjollnir-d.rrd
Added to MANIFEST: t/sample_data/svartalfar/jotunheim.svartalfar/astrild.jotunheim.svartalfar-hymir3-balmung-a.rrd
Added to MANIFEST: t/sample_data/svartalfar/jotunheim.svartalfar/astrild.jotunheim.svartalfar-hymir3-balmung1-a.rrd
Added to MANIFEST: t/sample_data/svartalfar/jotunheim.svartalfar/astrild.jotunheim.svartalfar-hymir3-gungnir-g.rrd
Added to MANIFEST: t/sample_data/svartalfar/jotunheim.svartalfar/astrild.jotunheim.svartalfar-hymir3-gungnir1-g.rrd
Added to MANIFEST: t/sample_data/svartalfar/jotunheim.svartalfar/astrild.jotunheim.svartalfar-hymir3-mjollnir-d.rrd
Added to MANIFEST: t/sample_data/svartalfar/jotunheim.svartalfar/astrild.jotunheim.svartalfar-jormungand-balmung-g.rrd
Added to MANIFEST: t/sample_data/svartalfar/jotunheim.svartalfar/astrild.jotunheim.svartalfar-jormungand-balmung1-g.rrd
Added to MANIFEST: t/sample_data/svartalfar/jotunheim.svartalfar/astrild.jotunheim.svartalfar-jormungand-gungnir-d.rrd
Added to MANIFEST: t/sample_data/svartalfar/jotunheim.svartalfar/astrild.jotunheim.svartalfar-jormungand-gungnir1-d.rrd
Added to MANIFEST: t/sample_data/svartalfar/jotunheim.svartalfar/astrild.jotunheim.svartalfar-jormungand-mjollnir-a.rrd
Added to MANIFEST: t/sample_data/svartalfar/jotunheim.svartalfar/astrild.jotunheim.svartalfar-jormungand1-balmung-g.rrd
Added to MANIFEST: t/sample_data/svartalfar/jotunheim.svartalfar/astrild.jotunheim.svartalfar-jormungand1-balmung1-g.rrd
Added to MANIFEST: t/sample_data/svartalfar/jotunheim.svartalfar/astrild.jotunheim.svartalfar-jormungand1-gungnir-d.rrd
Added to MANIFEST: t/sample_data/svartalfar/jotunheim.svartalfar/astrild.jotunheim.svartalfar-jormungand1-gungnir1-d.rrd
Added to MANIFEST: t/sample_data/svartalfar/jotunheim.svartalfar/astrild.jotunheim.svartalfar-jormungand1-mjollnir-a.rrd
Added to MANIFEST: t/sample_data/svartalfar/jotunheim.svartalfar/astrild.jotunheim.svartalfar-jormungand2-balmung-g.rrd
Added to MANIFEST: t/sample_data/svartalfar/jotunheim.svartalfar/astrild.jotunheim.svartalfar-jormungand2-balmung1-g.rrd
Added to MANIFEST: t/sample_data/svartalfar/jotunheim.svartalfar/astrild.jotunheim.svartalfar-jormungand2-gungnir-d.rrd
Added to MANIFEST: t/sample_data/svartalfar/jotunheim.svartalfar/astrild.jotunheim.svartalfar-jormungand2-gungnir1-d.rrd
Added to MANIFEST: t/sample_data/svartalfar/jotunheim.svartalfar/astrild.jotunheim.svartalfar-jormungand2-mjollnir-a.rrd
Added to MANIFEST: t/sample_data/svartalfar/jotunheim.svartalfar/astrild.jotunheim.svartalfar-load-balmung-d.rrd
Added to MANIFEST: t/sample_data/svartalfar/jotunheim.svartalfar/astrild.jotunheim.svartalfar-load-balmung1-d.rrd
Added to MANIFEST: t/sample_data/svartalfar/jotunheim.svartalfar/astrild.jotunheim.svartalfar-load-gungnir-a.rrd
Added to MANIFEST: t/sample_data/svartalfar/jotunheim.svartalfar/astrild.jotunheim.svartalfar-load-gungnir1-a.rrd
Added to MANIFEST: t/sample_data/svartalfar/jotunheim.svartalfar/astrild.jotunheim.svartalfar-load-mjollnir-g.rrd
Added to MANIFEST: t/sample_data/svartalfar/jotunheim.svartalfar/astrild.jotunheim.svartalfar-load1-balmung-d.rrd
Added to MANIFEST: t/sample_data/svartalfar/jotunheim.svartalfar/astrild.jotunheim.svartalfar-load1-balmung1-d.rrd
Added to MANIFEST: t/sample_data/svartalfar/jotunheim.svartalfar/astrild.jotunheim.svartalfar-load1-gungnir-a.rrd
Added to MANIFEST: t/sample_data/svartalfar/jotunheim.svartalfar/astrild.jotunheim.svartalfar-load1-gungnir1-a.rrd
Added to MANIFEST: t/sample_data/svartalfar/jotunheim.svartalfar/astrild.jotunheim.svartalfar-load1-mjollnir-g.rrd
Added to MANIFEST: t/sample_data/svartalfar/jotunheim.svartalfar/astrild.jotunheim.svartalfar-load2-balmung-d.rrd
Added to MANIFEST: t/sample_data/svartalfar/jotunheim.svartalfar/astrild.jotunheim.svartalfar-load2-balmung1-d.rrd
Added to MANIFEST: t/sample_data/svartalfar/jotunheim.svartalfar/astrild.jotunheim.svartalfar-load2-gungnir-a.rrd
Added to MANIFEST: t/sample_data/svartalfar/jotunheim.svartalfar/astrild.jotunheim.svartalfar-load2-gungnir1-a.rrd
Added to MANIFEST: t/sample_data/svartalfar/jotunheim.svartalfar/astrild.jotunheim.svartalfar-load2-mjollnir-g.rrd
Added to MANIFEST: t/sample_data/svartalfar/jotunheim.svartalfar/astrild.jotunheim.svartalfar-mjollnir-balmung-a.rrd
Added to MANIFEST: t/sample_data/svartalfar/jotunheim.svartalfar/astrild.jotunheim.svartalfar-mjollnir-balmung1-a.rrd
Added to MANIFEST: t/sample_data/svartalfar/jotunheim.svartalfar/astrild.jotunheim.svartalfar-mjollnir-gungnir-g.rrd
Added to MANIFEST: t/sample_data/svartalfar/jotunheim.svartalfar/astrild.jotunheim.svartalfar-mjollnir-gungnir1-g.rrd
Added to MANIFEST: t/sample_data/svartalfar/jotunheim.svartalfar/astrild.jotunheim.svartalfar-mjollnir-mjollnir-d.rrd
Added to MANIFEST: t/sample_data/svartalfar/jotunheim.svartalfar/astrild.jotunheim.svartalfar-mjollnir1-balmung-a.rrd
Added to MANIFEST: t/sample_data/svartalfar/jotunheim.svartalfar/astrild.jotunheim.svartalfar-mjollnir1-balmung1-a.rrd
Added to MANIFEST: t/sample_data/svartalfar/jotunheim.svartalfar/astrild.jotunheim.svartalfar-mjollnir1-gungnir-g.rrd
Added to MANIFEST: t/sample_data/svartalfar/jotunheim.svartalfar/astrild.jotunheim.svartalfar-mjollnir1-gungnir1-g.rrd
Added to MANIFEST: t/sample_data/svartalfar/jotunheim.svartalfar/astrild.jotunheim.svartalfar-mjollnir1-mjollnir-d.rrd
Added to MANIFEST: t/sample_data/svartalfar/jotunheim.svartalfar/astrild.jotunheim.svartalfar-mjollnir2-balmung-a.rrd
Added to MANIFEST: t/sample_data/svartalfar/jotunheim.svartalfar/astrild.jotunheim.svartalfar-mjollnir2-balmung1-a.rrd
Added to MANIFEST: t/sample_data/svartalfar/jotunheim.svartalfar/astrild.jotunheim.svartalfar-mjollnir2-gungnir-g.rrd
Added to MANIFEST: t/sample_data/svartalfar/jotunheim.svartalfar/astrild.jotunheim.svartalfar-mjollnir2-gungnir1-g.rrd
Added to MANIFEST: t/sample_data/svartalfar/jotunheim.svartalfar/astrild.jotunheim.svartalfar-mjollnir2-mjollnir-d.rrd
Added to MANIFEST: t/sample_data/svartalfar/jotunheim.svartalfar/astrild.jotunheim.svartalfar-surt-balmung-g.rrd
Added to MANIFEST: t/sample_data/svartalfar/jotunheim.svartalfar/astrild.jotunheim.svartalfar-surt-balmung1-g.rrd
Added to MANIFEST: t/sample_data/svartalfar/jotunheim.svartalfar/astrild.jotunheim.svartalfar-surt-gungnir-d.rrd
Added to MANIFEST: t/sample_data/svartalfar/jotunheim.svartalfar/astrild.jotunheim.svartalfar-surt-gungnir1-d.rrd
Added to MANIFEST: t/sample_data/svartalfar/jotunheim.svartalfar/astrild.jotunheim.svartalfar-surt-mjollnir-a.rrd
Added to MANIFEST: t/sample_data/svartalfar/jotunheim.svartalfar/astrild.jotunheim.svartalfar-surt1-balmung-g.rrd
Added to MANIFEST: t/sample_data/svartalfar/jotunheim.svartalfar/astrild.jotunheim.svartalfar-surt1-balmung1-g.rrd
Added to MANIFEST: t/sample_data/svartalfar/jotunheim.svartalfar/astrild.jotunheim.svartalfar-surt1-gungnir-d.rrd
Added to MANIFEST: t/sample_data/svartalfar/jotunheim.svartalfar/astrild.jotunheim.svartalfar-surt1-gungnir1-d.rrd
Added to MANIFEST: t/sample_data/svartalfar/jotunheim.svartalfar/astrild.jotunheim.svartalfar-surt1-mjollnir-a.rrd
Added to MANIFEST: t/sample_data/svartalfar/jotunheim.svartalfar/astrild.jotunheim.svartalfar-surt2-balmung-g.rrd
Added to MANIFEST: t/sample_data/svartalfar/jotunheim.svartalfar/astrild.jotunheim.svartalfar-surt2-balmung1-g.rrd
Added to MANIFEST: t/sample_data/svartalfar/jotunheim.svartalfar/astrild.jotunheim.svartalfar-surt2-gungnir-d.rrd
Added to MANIFEST: t/sample_data/svartalfar/jotunheim.svartalfar/astrild.jotunheim.svartalfar-surt2-gungnir1-d.rrd
Added to MANIFEST: t/sample_data/svartalfar/jotunheim.svartalfar/astrild.jotunheim.svartalfar-surt2-mjollnir-a.rrd
Added to MANIFEST: t/sample_data/svartalfar/jotunheim.svartalfar/astrild.jotunheim.svartalfar-thiazi-balmung-d.rrd
Added to MANIFEST: t/sample_data/svartalfar/jotunheim.svartalfar/astrild.jotunheim.svartalfar-thiazi-balmung1-d.rrd
Added to MANIFEST: t/sample_data/svartalfar/jotunheim.svartalfar/astrild.jotunheim.svartalfar-thiazi-gungnir-a.rrd
Added to MANIFEST: t/sample_data/svartalfar/jotunheim.svartalfar/astrild.jotunheim.svartalfar-thiazi-gungnir1-a.rrd
Added to MANIFEST: t/sample_data/svartalfar/jotunheim.svartalfar/astrild.jotunheim.svartalfar-thiazi-mjollnir-g.rrd
Added to MANIFEST: t/sample_data/svartalfar/jotunheim.svartalfar/astrild.jotunheim.svartalfar-thiazi1-balmung-d.rrd
Added to MANIFEST: t/sample_data/svartalfar/jotunheim.svartalfar/astrild.jotunheim.svartalfar-thiazi1-balmung1-d.rrd
Added to MANIFEST: t/sample_data/svartalfar/jotunheim.svartalfar/astrild.jotunheim.svartalfar-thiazi1-gungnir-a.rrd
Added to MANIFEST: t/sample_data/svartalfar/jotunheim.svartalfar/astrild.jotunheim.svartalfar-thiazi1-gungnir1-a.rrd
Added to MANIFEST: t/sample_data/svartalfar/jotunheim.svartalfar/astrild.jotunheim.svartalfar-thiazi1-mjollnir-g.rrd
Added to MANIFEST: t/sample_data/svartalfar/jotunheim.svartalfar/astrild.jotunheim.svartalfar-thiazi2-balmung-d.rrd
Added to MANIFEST: t/sample_data/svartalfar/jotunheim.svartalfar/astrild.jotunheim.svartalfar-thiazi2-balmung1-d.rrd
Added to MANIFEST: t/sample_data/svartalfar/jotunheim.svartalfar/astrild.jotunheim.svartalfar-thiazi2-gungnir-a.rrd
Added to MANIFEST: t/sample_data/svartalfar/jotunheim.svartalfar/astrild.jotunheim.svartalfar-thiazi2-gungnir1-a.rrd
Added to MANIFEST: t/sample_data/svartalfar/jotunheim.svartalfar/astrild.jotunheim.svartalfar-thiazi2-mjollnir-g.rrd
Added to MANIFEST: t/sample_data/svartalfar/jotunheim.svartalfar/astrild.jotunheim.svartalfar-ymir-balmung-a.rrd
Added to MANIFEST: t/sample_data/svartalfar/jotunheim.svartalfar/astrild.jotunheim.svartalfar-ymir-balmung1-a.rrd
Added to MANIFEST: t/sample_data/svartalfar/jotunheim.svartalfar/astrild.jotunheim.svartalfar-ymir-gungnir-g.rrd
Added to MANIFEST: t/sample_data/svartalfar/jotunheim.svartalfar/astrild.jotunheim.svartalfar-ymir-gungnir1-g.rrd
Added to MANIFEST: t/sample_data/svartalfar/jotunheim.svartalfar/astrild.jotunheim.svartalfar-ymir-mjollnir-d.rrd
Added to MANIFEST: t/sample_data/svartalfar/jotunheim.svartalfar/astrild.jotunheim.svartalfar-ymir1-balmung-a.rrd
Added to MANIFEST: t/sample_data/svartalfar/jotunheim.svartalfar/astrild.jotunheim.svartalfar-ymir1-balmung1-a.rrd
Added to MANIFEST: t/sample_data/svartalfar/jotunheim.svartalfar/astrild.jotunheim.svartalfar-ymir1-gungnir-g.rrd
Added to MANIFEST: t/sample_data/svartalfar/jotunheim.svartalfar/astrild.jotunheim.svartalfar-ymir1-gungnir1-g.rrd
Added to MANIFEST: t/sample_data/svartalfar/jotunheim.svartalfar/astrild.jotunheim.svartalfar-ymir1-mjollnir-d.rrd
Added to MANIFEST: t/sample_data/svartalfar/jotunheim.svartalfar/astrild.jotunheim.svartalfar-ymir2-balmung-a.rrd
Added to MANIFEST: t/sample_data/svartalfar/jotunheim.svartalfar/astrild.jotunheim.svartalfar-ymir2-balmung1-a.rrd
Added to MANIFEST: t/sample_data/svartalfar/jotunheim.svartalfar/astrild.jotunheim.svartalfar-ymir2-gungnir-g.rrd
Added to MANIFEST: t/sample_data/svartalfar/jotunheim.svartalfar/astrild.jotunheim.svartalfar-ymir2-gungnir1-g.rrd
Added to MANIFEST: t/sample_data/svartalfar/jotunheim.svartalfar/astrild.jotunheim.svartalfar-ymir2-mjollnir-d.rrd
Added to MANIFEST: t/tls/CA/ca_cert.pem
Added to MANIFEST: t/tls/master_cert.pem
Added to MANIFEST: t/tls/master_key.pem
Added to MANIFEST: t/tls/node_cert.pem
Added to MANIFEST: t/tls/node_key.pem
Added to MANIFEST: t/tls/openssl.cnf
Added to MANIFEST: t/tls/README
Added to MANIFEST: web/static/css/_base.scss
Added to MANIFEST: web/static/css/_forms.scss
Added to MANIFEST: web/static/css/_graphs.scss
Added to MANIFEST: web/static/css/_header.scss
Added to MANIFEST: web/static/css/_layout.scss
Added to MANIFEST: web/static/css/_mixins.scss
Added to MANIFEST: web/static/css/_responsive.scss
Added to MANIFEST: web/static/css/materialdesignicons.css
Added to MANIFEST: web/static/css/style.css
Added to MANIFEST: web/static/css/style.scss
Added to MANIFEST: web/static/fonts/materialdesignicons-webfont.eot
Added to MANIFEST: web/static/fonts/materialdesignicons-webfont.svg
Added to MANIFEST: web/static/fonts/materialdesignicons-webfont.ttf
Added to MANIFEST: web/static/fonts/materialdesignicons-webfont.woff
Added to MANIFEST: web/static/fonts/materialdesignicons-webfont.woff2
Added to MANIFEST: web/static/img/favicons/android-chrome-144x144.png
Added to MANIFEST: web/static/img/favicons/android-chrome-192x192.png
Added to MANIFEST: web/static/img/favicons/android-chrome-36x36.png
Added to MANIFEST: web/static/img/favicons/android-chrome-48x48.png
Added to MANIFEST: web/static/img/favicons/android-chrome-72x72.png
Added to MANIFEST: web/static/img/favicons/android-chrome-96x96.png
Added to MANIFEST: web/static/img/favicons/apple-touch-icon-114x114.png
Added to MANIFEST: web/static/img/favicons/apple-touch-icon-120x120.png
Added to MANIFEST: web/static/img/favicons/apple-touch-icon-144x144.png
Added to MANIFEST: web/static/img/favicons/apple-touch-icon-152x152.png
Added to MANIFEST: web/static/img/favicons/apple-touch-icon-180x180.png
Added to MANIFEST: web/static/img/favicons/apple-touch-icon-57x57.png
Added to MANIFEST: web/static/img/favicons/apple-touch-icon-60x60.png
Added to MANIFEST: web/static/img/favicons/apple-touch-icon-72x72.png
Added to MANIFEST: web/static/img/favicons/apple-touch-icon-76x76.png
Added to MANIFEST: web/static/img/favicons/apple-touch-icon-precomposed.png
Added to MANIFEST: web/static/img/favicons/apple-touch-icon.png
Added to MANIFEST: web/static/img/favicons/browserconfig.xml
Added to MANIFEST: web/static/img/favicons/favicon-16x16.png
Added to MANIFEST: web/static/img/favicons/favicon-194x194.png
Added to MANIFEST: web/static/img/favicons/favicon-32x32.png
Added to MANIFEST: web/static/img/favicons/favicon-96x96.png
Added to MANIFEST: web/static/img/favicons/favicon.ico
Added to MANIFEST: web/static/img/favicons/manifest.json
Added to MANIFEST: web/static/img/favicons/mstile-144x144.png
Added to MANIFEST: web/static/img/favicons/mstile-150x150.png
Added to MANIFEST: web/static/img/favicons/mstile-310x150.png
Added to MANIFEST: web/static/img/favicons/mstile-310x310.png
Added to MANIFEST: web/static/img/favicons/mstile-70x70.png
Added to MANIFEST: web/static/img/loading.gif
Added to MANIFEST: web/static/img/logo-h-neg.png
Added to MANIFEST: web/static/img/logo-h-neg.svg
Added to MANIFEST: web/static/img/logo-h.png
Added to MANIFEST: web/static/img/logo-h.svg
Added to MANIFEST: web/static/img/logo.png
Added to MANIFEST: web/static/img/placeholder.gif
Added to MANIFEST: web/static/js/component-absolute.js
Added to MANIFEST: web/static/js/component-autorefresh.js
Added to MANIFEST: web/static/js/component-dynazoom-modal.js
Added to MANIFEST: web/static/js/component-eventruler.js
Added to MANIFEST: web/static/js/component-graph.js
Added to MANIFEST: web/static/js/component-modal.js
Added to MANIFEST: web/static/js/component-tabs.js
Added to MANIFEST: web/static/js/component-timerangeSwitch.js
Added to MANIFEST: web/static/js/component-toolbar.js
Added to MANIFEST: web/static/js/component-treeview.js
Added to MANIFEST: web/static/js/formatdate.js
Added to MANIFEST: web/static/js/jquery-3.7.1.min.js
Added to MANIFEST: web/static/js/munin-categoryview.js
Added to MANIFEST: web/static/js/munin-comparison.js
Added to MANIFEST: web/static/js/munin-domainview.js
Added to MANIFEST: web/static/js/munin-dynazoom.js
Added to MANIFEST: web/static/js/munin-nodeview.js
Added to MANIFEST: web/static/js/munin-overview.js
Added to MANIFEST: web/static/js/munin-serviceview.js
Added to MANIFEST: web/static/js/querystring.js
Added to MANIFEST: web/static/js/script.js
Added to MANIFEST: web/templates/munin-categoryview.tmpl
Added to MANIFEST: web/templates/munin-comparison.tmpl
Added to MANIFEST: web/templates/munin-domainview.tmpl
Added to MANIFEST: web/templates/munin-dynazoom.tmpl
Added to MANIFEST: web/templates/munin-htaccess.in
Added to MANIFEST: web/templates/munin-nodeview.tmpl
Added to MANIFEST: web/templates/munin-overview.tmpl
Added to MANIFEST: web/templates/munin-problemview.tmpl
Added to MANIFEST: web/templates/munin-serviceview.tmpl
Added to MANIFEST: web/templates/partial/bottom_navigation.tmpl
Added to MANIFEST: web/templates/partial/footer.tmpl
Added to MANIFEST: web/templates/partial/generated_by.tmpl
Added to MANIFEST: web/templates/partial/head.tmpl
Added to MANIFEST: web/templates/partial/logo_navigation.tmpl
Added to MANIFEST: web/templates/partial/logo_navigation_comparison.tmpl
Added to MANIFEST: web/templates/partial/logo_navigation_problem.tmpl
Added to MANIFEST: web/templates/partial/navigation.tmpl
Added to MANIFEST: xt/critic.t
Added to MANIFEST: xt/plugins-munindoc.t
Added to MANIFEST: xt/plugins.t
Could not get valid metadata. Error is: Invalid metadata structure. Errors: 'unknown' for 'version' is not a valid version. (version) [Validation: 2]
 at /usr/share/perl5/Module/Build/Base.pm line 4570.

Could not create MYMETA files
Creating new 'Build' script for 'Munin' version 'unknown'
Building Munin
Installing /app/sandbox/man/man1/munin-node.1p
Installing /app/sandbox/man/man1/munin-get.1p
Installing /app/sandbox/man/man1/munin-async.1p
Installing /app/sandbox/man/man1/munin-node-configure.1p
Installing /app/sandbox/man/man1/munin-asyncd.1p
Installing /app/sandbox/man/man1/munin-graph.1p
Installing /app/sandbox/man/man1/munin-doc.1p
Installing /app/sandbox/man/man1/munin-html.1p
Installing /app/sandbox/man/man1/munin-httpd.1p
Installing /app/sandbox/man/man1/munin-run.1p
Installing /app/sandbox/man/man1/munin-limits.1p
Installing /app/sandbox/man/man1/munin-update.1p
Installing /app/sandbox/etc/munin.conf.sample
Installing /app/sandbox/etc/munin-node.conf.sample
Installing /app/sandbox/lib/perl5/Munin.pm
Installing /app/sandbox/lib/perl5/Munin/Plugin.pm
Installing /app/sandbox/lib/perl5/Munin/Plugin/Framework.pm
Installing /app/sandbox/lib/perl5/Munin/Plugin/SNMP.pm
Installing /app/sandbox/lib/perl5/Munin/Plugin/Pgsql.pm
Installing /app/sandbox/lib/perl5/Munin/Plugin/HTTP.pm
Installing /app/sandbox/lib/perl5/Munin/Node/OS.pm
Installing /app/sandbox/lib/perl5/Munin/Node/Config.pm
Installing /app/sandbox/lib/perl5/Munin/Node/SpoolWriter.pm
Installing /app/sandbox/lib/perl5/Munin/Node/SNMPConfig.pm
Installing /app/sandbox/lib/perl5/Munin/Node/Service.pm
Installing /app/sandbox/lib/perl5/Munin/Node/Utils.pm
Installing /app/sandbox/lib/perl5/Munin/Node/Session.pm
Installing /app/sandbox/lib/perl5/Munin/Node/Server.pm
Installing /app/sandbox/lib/perl5/Munin/Node/SpoolReader.pm
Installing /app/sandbox/lib/perl5/Munin/Node/Configure/Plugin.pm
Installing /app/sandbox/lib/perl5/Munin/Node/Configure/PluginList.pm
Installing /app/sandbox/lib/perl5/Munin/Node/Configure/HostEnumeration.pm
Installing /app/sandbox/lib/perl5/Munin/Node/Configure/Debug.pm
Installing /app/sandbox/lib/perl5/Munin/Node/Configure/History.pm
Installing /app/sandbox/lib/perl5/Munin/Common/TLSClient.pm
Installing /app/sandbox/lib/perl5/Munin/Common/Config.pm
Installing /app/sandbox/lib/perl5/Munin/Common/Defaults.pm
Installing /app/sandbox/lib/perl5/Munin/Common/TLS.pm
Installing /app/sandbox/lib/perl5/Munin/Common/Daemon.pm
Installing /app/sandbox/lib/perl5/Munin/Common/Timeout.pm
Installing /app/sandbox/lib/perl5/Munin/Common/TLSServer.pm
Installing /app/sandbox/lib/perl5/Munin/Common/SyncDictFile.pm
Installing /app/sandbox/lib/perl5/Munin/Common/Utils.pm
Installing /app/sandbox/lib/perl5/Munin/Common/Logger.pm
Installing /app/sandbox/lib/perl5/Munin/Master/Graph.pm
Installing /app/sandbox/lib/perl5/Munin/Master/Config.pm
Installing /app/sandbox/lib/perl5/Munin/Master/Update.pm
Installing /app/sandbox/lib/perl5/Munin/Master/Host.pm
Installing /app/sandbox/lib/perl5/Munin/Master/Limits.pm
Installing /app/sandbox/lib/perl5/Munin/Master/Utils.pm
Installing /app/sandbox/lib/perl5/Munin/Master/Worker.pm
Installing /app/sandbox/lib/perl5/Munin/Master/Node.pm
Installing /app/sandbox/lib/perl5/Munin/Master/UpdateWorker.pm
Installing /app/sandbox/lib/perl5/Munin/Master/GroupRepository.pm
Installing /app/sandbox/lib/perl5/Munin/Master/HTML.pm
Installing /app/sandbox/lib/perl5/Munin/Master/Group.pm
Installing /app/sandbox/lib/perl5/Munin/Master/Static/Graph.pm
Installing /app/sandbox/lib/perl5/Munin/Master/Static/HTML.pm
Installing /app/sandbox/lib/perl5/Munin/Master/Static/CGI.pm
Installing /app/sandbox/man/man3/Munin::Common::Utils.3pm
Installing /app/sandbox/man/man3/Munin::Node::Config.3pm
Installing /app/sandbox/man/man3/Munin::Node::SNMPConfig.3pm
Installing /app/sandbox/man/man3/Munin::Common::Defaults.3pm
Installing /app/sandbox/man/man3/Munin::Common::Daemon.3pm
Installing /app/sandbox/man/man3/Munin::Common::TLSClient.3pm
Installing /app/sandbox/man/man3/Munin::Node::SpoolWriter.3pm
Installing /app/sandbox/man/man3/Munin::Node::OS.3pm
Installing /app/sandbox/man/man3/Munin::Node::Utils.3pm
Installing /app/sandbox/man/man3/Munin::Master::UpdateWorker.3pm
Installing /app/sandbox/man/man3/Munin::Node::Server.3pm
Installing /app/sandbox/man/man3/Munin::Common::Timeout.3pm
Installing /app/sandbox/man/man3/Munin::Plugin::Framework.3pm
Installing /app/sandbox/man/man3/Munin::Node::Configure::PluginList.3pm
Installing /app/sandbox/man/man3/Munin::Common::TLS.3pm
Installing /app/sandbox/man/man3/Munin::Plugin::HTTP.3pm
Installing /app/sandbox/man/man3/Munin::Node::Session.3pm
Installing /app/sandbox/man/man3/Munin::Node::Configure::History.3pm
Installing /app/sandbox/man/man3/Munin::Node::Service.3pm
Installing /app/sandbox/man/man3/Munin::Master::Config.3pm
Installing /app/sandbox/man/man3/Munin::Master::Limits.3pm
Installing /app/sandbox/man/man3/Munin::Plugin::SNMP.3pm
Installing /app/sandbox/man/man3/Munin::Node::SpoolReader.3pm
Installing /app/sandbox/man/man3/Munin::Master::GroupRepository.3pm
Installing /app/sandbox/man/man3/Munin::Common::Logger.3pm
Installing /app/sandbox/man/man3/Munin::Master::Worker.3pm
Installing /app/sandbox/man/man3/Munin::Master::Utils.3pm
Installing /app/sandbox/man/man3/Munin::Node::Configure::Debug.3pm
Installing /app/sandbox/man/man3/Munin::Master::Host.3pm
Installing /app/sandbox/man/man3/Munin::Plugin::Pgsql.3pm
Installing /app/sandbox/man/man3/Munin::Node::Configure::Plugin.3pm
Installing /app/sandbox/man/man3/Munin::Master::Group.3pm
Installing /app/sandbox/man/man3/Munin::Common::Config.3pm
Installing /app/sandbox/man/man3/Munin.3pm
Installing /app/sandbox/man/man3/Munin::Common::TLSServer.3pm
Installing /app/sandbox/man/man3/Munin::Plugin.3pm
Installing /app/sandbox/man/man3/Munin::Master::Update.3pm
Installing /app/sandbox/man/man3/Munin::Master::Node.3pm
Installing /app/sandbox/man/man3/Munin::Node::Configure::HostEnumeration.3pm
Installing /app/sandbox/share/plugins/bonding_err_
Installing /app/sandbox/share/plugins/apache
Installing /app/sandbox/share/plugins/postgres_bgwriter
Installing /app/sandbox/share/plugins/external_
Installing /app/sandbox/share/plugins/postgres_checkpoints
Installing /app/sandbox/share/plugins/multips
Installing /app/sandbox/share/plugins/tomcat_
Installing /app/sandbox/share/plugins/pgbouncer_requests
Installing /app/sandbox/share/plugins/yum
Installing /app/sandbox/share/plugins/netstat
Installing /app/sandbox/share/plugins/snmp__sensors_fsc_bx_fan
Installing /app/sandbox/share/plugins/snmp__netapp_diskusage_
Installing /app/sandbox/share/plugins/snmp__sensors_mbm_volt
Installing /app/sandbox/share/plugins/postgres_streaming_
Installing /app/sandbox/share/plugins/snmp__print_supplies
Installing /app/sandbox/share/plugins/memcached_
Installing /app/sandbox/share/plugins/mysql_
Installing /app/sandbox/share/plugins/ifx_concurrent_sessions_
Installing /app/sandbox/share/plugins/cps_
Installing /app/sandbox/share/plugins/nvidia_
Installing /app/sandbox/share/plugins/asterisk
Installing /app/sandbox/share/plugins/ntp_states
Installing /app/sandbox/share/plugins/tomcat_threads
Installing /app/sandbox/share/plugins/postgres_querylength_
Installing /app/sandbox/share/plugins/postgres_autovacuum
Installing /app/sandbox/share/plugins/postgres_xlog
Installing /app/sandbox/share/plugins/freeradius_acct
Installing /app/sandbox/share/plugins/nutups_
Installing /app/sandbox/share/plugins/lpar_cpu
Installing /app/sandbox/share/plugins/snort_pattern_match
Installing /app/sandbox/share/plugins/snmp__swap
Installing /app/sandbox/share/plugins/hddtemp2
Installing /app/sandbox/share/plugins/snmp__fc_if_
Installing /app/sandbox/share/plugins/postfix_mailqueue
Installing /app/sandbox/share/plugins/snmp__netapp_inodeusage_
Installing /app/sandbox/share/plugins/cmc_tc_sensor_
Installing /app/sandbox/share/plugins/ipmi_sensor_
Installing /app/sandbox/share/plugins/vlan_linkuse_
Installing /app/sandbox/share/plugins/nginx_request
Installing /app/sandbox/share/plugins/snmp__uptime
Installing /app/sandbox/share/plugins/munin_update
Installing /app/sandbox/share/plugins/postgres_connections_
Installing /app/sandbox/share/plugins/qmailqstat
Installing /app/sandbox/share/plugins/http_loadtime
Installing /app/sandbox/share/plugins/foldingathome_wu
Installing /app/sandbox/share/plugins/if_err_
Installing /app/sandbox/share/plugins/amavis
Installing /app/sandbox/share/plugins/ps_
Installing /app/sandbox/share/plugins/squeezebox_
Installing /app/sandbox/share/plugins/snmp__users
Installing /app/sandbox/share/plugins/snmp__print_pages
Installing /app/sandbox/share/plugins/netstat_multi
Installing /app/sandbox/share/plugins/users
Installing /app/sandbox/share/plugins/digitemp_
Installing /app/sandbox/share/plugins/freeradius_proxy_acct
Installing /app/sandbox/share/plugins/named
Installing /app/sandbox/share/plugins/openvpn
Installing /app/sandbox/share/plugins/courier_
Installing /app/sandbox/share/plugins/fail2ban
Installing /app/sandbox/share/plugins/hddtemp
Installing /app/sandbox/share/plugins/vserver_resources
Installing /app/sandbox/share/plugins/nomadix_users_
Installing /app/sandbox/share/plugins/vserver_loadavg
Installing /app/sandbox/share/plugins/sendmail_mailtraffic
Installing /app/sandbox/share/plugins/snmp__sensors_fsc_temp
Installing /app/sandbox/share/plugins/jenkins_builds_and_jobs
Installing /app/sandbox/share/plugins/snmp__processes
Installing /app/sandbox/share/plugins/quota_usage_
Installing /app/sandbox/share/plugins/postgres_connections_db
Installing /app/sandbox/share/plugins/postgres_checksums
Installing /app/sandbox/share/plugins/foldingathome
Installing /app/sandbox/share/plugins/nginx_status
Installing /app/sandbox/share/plugins/courier_mta_mailqueue
Installing /app/sandbox/share/plugins/haproxy_ng
Installing /app/sandbox/share/plugins/postgres_locks_
Installing /app/sandbox/share/plugins/postgres_cache_
Installing /app/sandbox/share/plugins/memory
Installing /app/sandbox/share/plugins/zimbra_
Installing /app/sandbox/share/plugins/diskstats
Installing /app/sandbox/share/plugins/snmp__load
Installing /app/sandbox/share/plugins/slony_lag_
Installing /app/sandbox/share/plugins/multips_memory
Installing /app/sandbox/share/plugins/ipac-ng
Installing /app/sandbox/share/plugins/nfs4_client
Installing /app/sandbox/share/plugins/snmp__if_err_
Installing /app/sandbox/share/plugins/postgres_prepared_xacts_
Installing /app/sandbox/share/plugins/ping_
Installing /app/sandbox/share/plugins/foldingathome_rank
Installing /app/sandbox/share/plugins/fw_packets
Installing /app/sandbox/share/plugins/apt_all
Installing /app/sandbox/share/plugins/irqstats
Installing /app/sandbox/share/plugins/vlan_
Installing /app/sandbox/share/plugins/numa_
Installing /app/sandbox/share/plugins/slapd_
Installing /app/sandbox/share/plugins/snmp__winmem
Installing /app/sandbox/share/plugins/nut_misc
Installing /app/sandbox/share/plugins/processes
Installing /app/sandbox/share/plugins/snmp__cpuload
Installing /app/sandbox/share/plugins/apc_envunit_
Installing /app/sandbox/share/plugins/postgres_users
Installing /app/sandbox/share/plugins/smart_
Installing /app/sandbox/share/plugins/snort_pkts
Installing /app/sandbox/share/plugins/courier_mta_mailvolume
Installing /app/sandbox/share/plugins/proxy_plugin
Installing /app/sandbox/share/plugins/ntp_kernel_err
Installing /app/sandbox/share/plugins/cpuspeed
Installing /app/sandbox/share/plugins/snmp__if_multi
Installing /app/sandbox/share/plugins/buddyinfo
Installing /app/sandbox/share/plugins/slapd_bdb_cache_
Installing /app/sandbox/share/plugins/surfboard
Installing /app/sandbox/share/plugins/vlan_inetuse_
Installing /app/sandbox/share/plugins/tomcat_jvm
Installing /app/sandbox/share/plugins/ntp_offset
Installing /app/sandbox/share/plugins/snmp__eltek_rectifier
Installing /app/sandbox/share/plugins/bind9_rndc
Installing /app/sandbox/share/plugins/threads
Installing /app/sandbox/share/plugins/psu_
Installing /app/sandbox/share/plugins/proc
Installing /app/sandbox/share/plugins/snmp__sensors_mbm_fan
Installing /app/sandbox/share/plugins/ip_
Installing /app/sandbox/share/plugins/apt
Installing /app/sandbox/share/plugins/mailman
Installing /app/sandbox/share/plugins/sendmail_mailqueue
Installing /app/sandbox/share/plugins/dhcpd3
Installing /app/sandbox/share/plugins/sendmail_mailstats
Installing /app/sandbox/share/plugins/cupsys_pages
Installing /app/sandbox/share/plugins/snmp__rdp_users
Installing /app/sandbox/share/plugins/procfs
Installing /app/sandbox/share/plugins/meminfo
Installing /app/sandbox/share/plugins/exim_mailqueue_alt
Installing /app/sandbox/share/plugins/proc_pri
Installing /app/sandbox/share/plugins/courier_mta_mailstats
Installing /app/sandbox/share/plugins/nfs_client
Installing /app/sandbox/share/plugins/fw_conntrack
Installing /app/sandbox/share/plugins/if_
Installing /app/sandbox/share/plugins/mailscanner
Installing /app/sandbox/share/plugins/qmailscan-simple
Installing /app/sandbox/share/plugins/varnish_
Installing /app/sandbox/share/plugins/snmp__sensors_fsc_fan
Installing /app/sandbox/share/plugins/snort_alerts
Installing /app/sandbox/share/plugins/mbmon_
Installing /app/sandbox/share/plugins/tcp
Installing /app/sandbox/share/plugins/snmp__memory
Installing /app/sandbox/share/plugins/ircu
Installing /app/sandbox/share/plugins/nut_volts
Installing /app/sandbox/share/plugins/snort_traffic
Installing /app/sandbox/share/plugins/snmp__sensors_fsc_bx_temp
Installing /app/sandbox/share/plugins/ntp_kernel_pll_freq
Installing /app/sandbox/share/plugins/diskstat_
Installing /app/sandbox/share/plugins/netopia
Installing /app/sandbox/share/plugins/postgres_scans_
Installing /app/sandbox/share/plugins/postgres_tuples_
Installing /app/sandbox/share/plugins/snmp__netstat
Installing /app/sandbox/share/plugins/squid
Installing /app/sandbox/share/plugins/postgres_oldest_prepared_xact_
Installing /app/sandbox/share/plugins/nfsd4
Installing /app/sandbox/share/plugins/ntp_kernel_pll_off
Installing /app/sandbox/share/plugins/snmp__fc_if_err_
Installing /app/sandbox/share/plugins/vmstat
Installing /app/sandbox/share/plugins/ntp_
Installing /app/sandbox/share/plugins/freeradius_proxy_auth
Installing /app/sandbox/share/plugins/port_
Installing /app/sandbox/share/plugins/snmp__apc_ups
Installing /app/sandbox/share/plugins/fw_forwarded_local
Installing /app/sandbox/share/plugins/iostat
Installing /app/sandbox/share/plugins/exim_mailstats
Installing /app/sandbox/share/plugins/tomcat_access
Installing /app/sandbox/share/plugins/lpstat
Installing /app/sandbox/share/plugins/nfsd
Installing /app/sandbox/share/plugins/hddtempd
Installing /app/sandbox/share/plugins/postgres_transactions_
Installing /app/sandbox/share/plugins/df_abs
Installing /app/sandbox/share/plugins/df_inode
Installing /app/sandbox/share/plugins/snort_drop_rate
Installing /app/sandbox/share/plugins/exim_mailqueue
Installing /app/sandbox/share/plugins/tomcat_volume
Installing /app/sandbox/share/plugins/selinux_avcstat
Installing /app/sandbox/share/plugins/perdition
Installing /app/sandbox/share/plugins/hwmon
Installing /app/sandbox/share/plugins/mhttping
Installing /app/sandbox/share/plugins/ipmi_
Installing /app/sandbox/share/plugins/hp2000_
Installing /app/sandbox/share/plugins/snort_bytes_pkt
Installing /app/sandbox/share/plugins/pgbouncer_connections
Installing /app/sandbox/share/plugins/munin_stats
Installing /app/sandbox/share/plugins/hddtemp_smartctl
Installing /app/sandbox/share/plugins/qmailscan
Installing /app/sandbox/share/plugins/snmp__sensors_mbm_temp
Installing /app/sandbox/share/plugins/loggrep
Installing /app/sandbox/share/plugins/iostat_ios
Installing /app/sandbox/share/plugins/pm3users_
Installing /app/sandbox/share/plugins/vserver_cpu_
Installing /app/sandbox/share/plugins/ejabberd_
Installing /app/sandbox/share/plugins/snmp__winload
Installing /app/sandbox/share/plugins/snmp__df
Installing /app/sandbox/share/plugins/postgres_size_
Installing /app/sandbox/share/plugins/pop_stats
Installing /app/sandbox/share/plugins/multiping
Installing /app/sandbox/share/plugins/procsys
Installing /app/sandbox/share/plugins/freeradius_auth
Installing /app/sandbox/share/plugins/plugin.sh
Installing /app/sandbox/share/plugins/haproxy_
Installing /app/sandbox/share/plugins/apc_nis
Installing /app/sandbox/share/plugins/spamstats
Installing /app/sandbox/share/plugins/snmp__df_ram
Installing /app/sandbox/share/plugins/samba
Installing /app/sandbox/share/plugins/df
Installing /app/sandbox/share/plugins/snmp__if_
Installing /app/sandbox/bin/munin-html
Installing /app/sandbox/bin/munin-update
Installing /app/sandbox/bin/munin-node
Installing /app/sandbox/bin/munin-get
Installing /app/sandbox/bin/munin-graph
Installing /app/sandbox/bin/munin-httpd
Installing /app/sandbox/bin/munin-doc
Installing /app/sandbox/bin/munin-node-configure
Installing /app/sandbox/bin/munin-limits
Installing /app/sandbox/bin/munin-async
Installing /app/sandbox/bin/munin-cron
Installing /app/sandbox/bin/munin-asyncd
Installing /app/sandbox/bin/munin-run
Installing /app/sandbox/etc/static/img/placeholder.gif
Installing /app/sandbox/etc/static/img/logo-h-neg.svg
Installing /app/sandbox/etc/static/img/loading.gif
Installing /app/sandbox/etc/static/img/logo-h.png
Installing /app/sandbox/etc/static/img/logo-h.svg
Installing /app/sandbox/etc/static/img/logo-h-neg.png
Installing /app/sandbox/etc/static/img/logo.png
Installing /app/sandbox/etc/static/img/favicons/mstile-144x144.png
Installing /app/sandbox/etc/static/img/favicons/android-chrome-48x48.png
Installing /app/sandbox/etc/static/img/favicons/apple-touch-icon-72x72.png
Installing /app/sandbox/etc/static/img/favicons/mstile-70x70.png
Installing /app/sandbox/etc/static/img/favicons/manifest.json
Installing /app/sandbox/etc/static/img/favicons/apple-touch-icon-144x144.png
Installing /app/sandbox/etc/static/img/favicons/apple-touch-icon-76x76.png
Installing /app/sandbox/etc/static/img/favicons/apple-touch-icon-152x152.png
Installing /app/sandbox/etc/static/img/favicons/browserconfig.xml
Installing /app/sandbox/etc/static/img/favicons/android-chrome-96x96.png
Installing /app/sandbox/etc/static/img/favicons/mstile-150x150.png
Installing /app/sandbox/etc/static/img/favicons/apple-touch-icon-precomposed.png
Installing /app/sandbox/etc/static/img/favicons/favicon.ico
Installing /app/sandbox/etc/static/img/favicons/apple-touch-icon-120x120.png
Installing /app/sandbox/etc/static/img/favicons/apple-touch-icon-60x60.png
Installing /app/sandbox/etc/static/img/favicons/android-chrome-72x72.png
Installing /app/sandbox/etc/static/img/favicons/android-chrome-36x36.png
Installing /app/sandbox/etc/static/img/favicons/favicon-96x96.png
Installing /app/sandbox/etc/static/img/favicons/apple-touch-icon-114x114.png
Installing /app/sandbox/etc/static/img/favicons/mstile-310x150.png
Installing /app/sandbox/etc/static/img/favicons/favicon-16x16.png
Installing /app/sandbox/etc/static/img/favicons/android-chrome-144x144.png
Installing /app/sandbox/etc/static/img/favicons/favicon-194x194.png
Installing /app/sandbox/etc/static/img/favicons/android-chrome-192x192.png
Installing /app/sandbox/etc/static/img/favicons/apple-touch-icon-57x57.png
Installing /app/sandbox/etc/static/img/favicons/mstile-310x310.png
Installing /app/sandbox/etc/static/img/favicons/apple-touch-icon-180x180.png
Installing /app/sandbox/etc/static/img/favicons/favicon-32x32.png
Installing /app/sandbox/etc/static/img/favicons/apple-touch-icon.png
Installing /app/sandbox/etc/static/css/_header.scss
Installing /app/sandbox/etc/static/css/_graphs.scss
Installing /app/sandbox/etc/static/css/_forms.scss
Installing /app/sandbox/etc/static/css/_responsive.scss
Installing /app/sandbox/etc/static/css/style.css
Installing /app/sandbox/etc/static/css/materialdesignicons.css
Installing /app/sandbox/etc/static/css/style.scss
Installing /app/sandbox/etc/static/css/_base.scss
Installing /app/sandbox/etc/static/css/_layout.scss
Installing /app/sandbox/etc/static/css/_mixins.scss
Installing /app/sandbox/etc/static/fonts/materialdesignicons-webfont.woff
Installing /app/sandbox/etc/static/fonts/materialdesignicons-webfont.woff2
Installing /app/sandbox/etc/static/fonts/materialdesignicons-webfont.svg
Installing /app/sandbox/etc/static/fonts/materialdesignicons-webfont.ttf
Installing /app/sandbox/etc/static/fonts/materialdesignicons-webfont.eot
Installing /app/sandbox/etc/static/js/munin-comparison.js
Installing /app/sandbox/etc/static/js/munin-dynazoom.js
Installing /app/sandbox/etc/static/js/munin-categoryview.js
Installing /app/sandbox/etc/static/js/munin-nodeview.js
Installing /app/sandbox/etc/static/js/component-autorefresh.js
Installing /app/sandbox/etc/static/js/component-tabs.js
Installing /app/sandbox/etc/static/js/formatdate.js
Installing /app/sandbox/etc/static/js/component-timerangeSwitch.js
Installing /app/sandbox/etc/static/js/munin-overview.js
Installing /app/sandbox/etc/static/js/munin-serviceview.js
Installing /app/sandbox/etc/static/js/component-absolute.js
Installing /app/sandbox/etc/static/js/jquery-3.7.1.min.js
Installing /app/sandbox/etc/static/js/component-eventruler.js
Installing /app/sandbox/etc/static/js/querystring.js
Installing /app/sandbox/etc/static/js/component-dynazoom-modal.js
Installing /app/sandbox/etc/static/js/component-graph.js
Installing /app/sandbox/etc/static/js/munin-domainview.js
Installing /app/sandbox/etc/static/js/script.js
Installing /app/sandbox/etc/static/js/component-treeview.js
Installing /app/sandbox/etc/static/js/component-modal.js
Installing /app/sandbox/etc/static/js/component-toolbar.js
Installing /app/sandbox/etc/templates/munin-htaccess.in
Installing /app/sandbox/etc/templates/munin-domainview.tmpl
Installing /app/sandbox/etc/templates/munin-serviceview.tmpl
Installing /app/sandbox/etc/templates/munin-dynazoom.tmpl
Installing /app/sandbox/etc/templates/munin-comparison.tmpl
Installing /app/sandbox/etc/templates/munin-nodeview.tmpl
Installing /app/sandbox/etc/templates/munin-overview.tmpl
Installing /app/sandbox/etc/templates/munin-categoryview.tmpl
Installing /app/sandbox/etc/templates/munin-problemview.tmpl
Installing /app/sandbox/etc/templates/partial/footer.tmpl
Installing /app/sandbox/etc/templates/partial/generated_by.tmpl
Installing /app/sandbox/etc/templates/partial/head.tmpl
Installing /app/sandbox/etc/templates/partial/navigation.tmpl
Installing /app/sandbox/etc/templates/partial/logo_navigation_problem.tmpl
Installing /app/sandbox/etc/templates/partial/logo_navigation.tmpl
Installing /app/sandbox/etc/templates/partial/logo_navigation_comparison.tmpl
Installing /app/sandbox/etc/templates/partial/bottom_navigation.tmpl
--> 7a62f63bcf1b
STEP 6/7: EXPOSE 4949 4946
--> d8f918f6cd75
STEP 7/7: CMD ["./dev_scripts/all"]
COMMIT munin-dev
--> f243a4d05b67
Successfully tagged localhost/munin-dev:latest
f243a4d05b678f21a20f02bb5c6c4aeda1ab6afd8ee279f39a08a05bc0d03c14
